participant_id,model,temperature,trait,response
0,deepseek,1.0,Bashful,6.0
1,deepseek,1.0,Bashful,5.0
2,deepseek,1.0,Bashful,8.0
3,deepseek,1.0,Bashful,8.0
4,deepseek,1.0,Bashful,6.0
5,deepseek,1.0,Bashful,5.0
6,deepseek,1.0,Bashful,2.0
7,deepseek,1.0,Bashful,1.0
8,deepseek,1.0,Bashful,4.0
9,deepseek,1.0,Bashful,8.0
10,deepseek,1.0,Bashful,8.0
11,deepseek,1.0,Bashful,1.0
12,deepseek,1.0,Bashful,9.0
13,deepseek,1.0,Bashful,3.0
14,deepseek,1.0,Bashful,5.0
15,deepseek,1.0,Bashful,4.0
16,deepseek,1.0,Bashful,2.0
17,deepseek,1.0,Bashful,3.0
18,deepseek,1.0,Bashful,7.0
19,deepseek,1.0,Bashful,4.0
20,deepseek,1.0,Bashful,6.0
21,deepseek,1.0,Bashful,6.0
22,deepseek,1.0,Bashful,2.0
23,deepseek,1.0,Bashful,5.0
24,deepseek,1.0,Bashful,8.0
25,deepseek,1.0,Bashful,2.0
26,deepseek,1.0,Bashful,6.0
27,deepseek,1.0,Bashful,3.0
28,deepseek,1.0,Bashful,8.0
29,deepseek,1.0,Bashful,6.0
0,deepseek,0.0,Bashful,3.0
1,deepseek,0.0,Bashful,5.0
2,deepseek,0.0,Bashful,8.0
3,deepseek,0.0,Bashful,2.0
4,deepseek,0.0,Bashful,6.0
5,deepseek,0.0,Bashful,5.0
6,deepseek,0.0,Bashful,1.0
7,deepseek,0.0,Bashful,2.0
8,deepseek,0.0,Bashful,3.0
9,deepseek,0.0,Bashful,8.0
10,deepseek,0.0,Bashful,8.0
11,deepseek,0.0,Bashful,1.0
12,deepseek,0.0,Bashful,9.0
13,deepseek,0.0,Bashful,5.0
14,deepseek,0.0,Bashful,4.0
15,deepseek,0.0,Bashful,4.0
16,deepseek,0.0,Bashful,2.0
17,deepseek,0.0,Bashful,3.0
18,deepseek,0.0,Bashful,7.0
19,deepseek,0.0,Bashful,3.0
20,deepseek,0.0,Bashful,3.0
21,deepseek,0.0,Bashful,5.0
22,deepseek,0.0,Bashful,2.0
23,deepseek,0.0,Bashful,3.0
24,deepseek,0.0,Bashful,8.0
25,deepseek,0.0,Bashful,2.0
26,deepseek,0.0,Bashful,6.0
27,deepseek,0.0,Bashful,6.0
28,deepseek,0.0,Bashful,8.0
29,deepseek,0.0,Bashful,6.0
0,deepseek,1.0,Bold,8.0
1,deepseek,1.0,Bold,5.0
2,deepseek,1.0,Bold,4.0
3,deepseek,1.0,Bold,6.0
4,deepseek,1.0,Bold,7.0
5,deepseek,1.0,Bold,3.0
6,deepseek,1.0,Bold,8.0
7,deepseek,1.0,Bold,8.0
8,deepseek,1.0,Bold,8.0
9,deepseek,1.0,Bold,6.0
10,deepseek,1.0,Bold,2.0
11,deepseek,1.0,Bold,9.0
12,deepseek,1.0,Bold,2.0
13,deepseek,1.0,Bold,6.0
14,deepseek,1.0,Bold,3.0
15,deepseek,1.0,Bold,8.0
16,deepseek,1.0,Bold,8.0
17,deepseek,1.0,Bold,8.0
18,deepseek,1.0,Bold,4.0
19,deepseek,1.0,Bold,8.0
20,deepseek,1.0,Bold,8.0
21,deepseek,1.0,Bold,7.0
22,deepseek,1.0,Bold,8.0
23,deepseek,1.0,Bold,8.0
24,deepseek,1.0,Bold,3.0
25,deepseek,1.0,Bold,7.0
26,deepseek,1.0,Bold,3.0
27,deepseek,1.0,Bold,8.0
28,deepseek,1.0,Bold,7.0
29,deepseek,1.0,Bold,4.0
0,deepseek,0.0,Bold,7.0
1,deepseek,0.0,Bold,6.0
2,deepseek,0.0,Bold,4.0
3,deepseek,0.0,Bold,6.0
4,deepseek,0.0,Bold,7.0
5,deepseek,0.0,Bold,4.0
6,deepseek,0.0,Bold,8.0
7,deepseek,0.0,Bold,8.0
8,deepseek,0.0,Bold,7.0
9,deepseek,0.0,Bold,5.0
10,deepseek,0.0,Bold,2.0
11,deepseek,0.0,Bold,9.0
12,deepseek,0.0,Bold,2.0
13,deepseek,0.0,Bold,6.0
14,deepseek,0.0,Bold,3.0
15,deepseek,0.0,Bold,8.0
16,deepseek,0.0,Bold,7.0
17,deepseek,0.0,Bold,7.0
18,deepseek,0.0,Bold,4.0
19,deepseek,0.0,Bold,8.0
20,deepseek,0.0,Bold,8.0
21,deepseek,0.0,Bold,7.0
22,deepseek,0.0,Bold,8.0
23,deepseek,0.0,Bold,8.0
24,deepseek,0.0,Bold,3.0
25,deepseek,0.0,Bold,7.0
26,deepseek,0.0,Bold,3.0
27,deepseek,0.0,Bold,8.0
28,deepseek,0.0,Bold,7.0
29,deepseek,0.0,Bold,4.0
0,deepseek,1.0,Careless,7.0
1,deepseek,1.0,Careless,7.0
2,deepseek,1.0,Careless,6.0
3,deepseek,1.0,Careless,7.0
4,deepseek,1.0,Careless,2.0
5,deepseek,1.0,Careless,6.0
6,deepseek,1.0,Careless,6.0
7,deepseek,1.0,Careless,7.0
8,deepseek,1.0,Careless,6.0
9,deepseek,1.0,Careless,7.0
10,deepseek,1.0,Careless,1.0
11,deepseek,1.0,Careless,1.0
12,deepseek,1.0,Careless,6.0
13,deepseek,1.0,Careless,7.0
14,deepseek,1.0,Careless,8.0
15,deepseek,1.0,Careless,2.0
16,deepseek,1.0,Careless,7.0
17,deepseek,1.0,Careless,2.0
18,deepseek,1.0,Careless,7.0
19,deepseek,1.0,Careless,6.0
20,deepseek,1.0,Careless,7.0
21,deepseek,1.0,Careless,2.0
22,deepseek,1.0,Careless,7.0
23,deepseek,1.0,Careless,7.0
24,deepseek,1.0,Careless,7.0
25,deepseek,1.0,Careless,7.0
26,deepseek,1.0,Careless,8.0
27,deepseek,1.0,Careless,7.0
28,deepseek,1.0,Careless,7.0
29,deepseek,1.0,Careless,7.0
0,deepseek,0.0,Careless,6.0
1,deepseek,0.0,Careless,7.0
2,deepseek,0.0,Careless,6.0
3,deepseek,0.0,Careless,7.0
4,deepseek,0.0,Careless,2.0
5,deepseek,0.0,Careless,6.0
6,deepseek,0.0,Careless,6.0
7,deepseek,0.0,Careless,7.0
8,deepseek,0.0,Careless,6.0
9,deepseek,0.0,Careless,7.0
10,deepseek,0.0,Careless,1.0
11,deepseek,0.0,Careless,1.0
12,deepseek,0.0,Careless,6.0
13,deepseek,0.0,Careless,7.0
14,deepseek,0.0,Careless,8.0
15,deepseek,0.0,Careless,2.0
16,deepseek,0.0,Careless,7.0
17,deepseek,0.0,Careless,2.0
18,deepseek,0.0,Careless,7.0
19,deepseek,0.0,Careless,6.0
20,deepseek,0.0,Careless,7.0
21,deepseek,0.0,Careless,2.0
22,deepseek,0.0,Careless,7.0
23,deepseek,0.0,Careless,7.0
24,deepseek,0.0,Careless,7.0
25,deepseek,0.0,Careless,7.0
26,deepseek,0.0,Careless,8.0
27,deepseek,0.0,Careless,7.0
28,deepseek,0.0,Careless,6.0
29,deepseek,0.0,Careless,7.0
0,deepseek,1.0,Cold,2.0
1,deepseek,1.0,Cold,6.0
2,deepseek,1.0,Cold,2.0
3,deepseek,1.0,Cold,3.0
4,deepseek,1.0,Cold,3.0
5,deepseek,1.0,Cold,2.0
6,deepseek,1.0,Cold,2.0
7,deepseek,1.0,Cold,6.0
8,deepseek,1.0,Cold,6.0
9,deepseek,1.0,Cold,6.0
10,deepseek,1.0,Cold,2.0
11,deepseek,1.0,Cold,2.0
12,deepseek,1.0,Cold,8.0
13,deepseek,1.0,Cold,2.0
14,deepseek,1.0,Cold,2.0
15,deepseek,1.0,Cold,7.0
16,deepseek,1.0,Cold,6.0
17,deepseek,1.0,Cold,3.0
18,deepseek,1.0,Cold,6.0
19,deepseek,1.0,Cold,3.0
20,deepseek,1.0,Cold,4.0
21,deepseek,1.0,Cold,2.0
22,deepseek,1.0,Cold,2.0
23,deepseek,1.0,Cold,9.0
24,deepseek,1.0,Cold,2.0
25,deepseek,1.0,Cold,4.0
26,deepseek,1.0,Cold,2.0
27,deepseek,1.0,Cold,3.0
28,deepseek,1.0,Cold,6.0
29,deepseek,1.0,Cold,1.0
0,deepseek,0.0,Cold,2.0
1,deepseek,0.0,Cold,6.0
2,deepseek,0.0,Cold,2.0
3,deepseek,0.0,Cold,2.0
4,deepseek,0.0,Cold,3.0
5,deepseek,0.0,Cold,2.0
6,deepseek,0.0,Cold,2.0
7,deepseek,0.0,Cold,6.0
8,deepseek,0.0,Cold,6.0
9,deepseek,0.0,Cold,6.0
10,deepseek,0.0,Cold,1.0
11,deepseek,0.0,Cold,6.0
12,deepseek,0.0,Cold,9.0
13,deepseek,0.0,Cold,3.0
14,deepseek,0.0,Cold,2.0
15,deepseek,0.0,Cold,7.0
16,deepseek,0.0,Cold,6.0
17,deepseek,0.0,Cold,3.0
18,deepseek,0.0,Cold,6.0
19,deepseek,0.0,Cold,2.0
20,deepseek,0.0,Cold,2.0
21,deepseek,0.0,Cold,3.0
22,deepseek,0.0,Cold,2.0
23,deepseek,0.0,Cold,8.0
24,deepseek,0.0,Cold,2.0
25,deepseek,0.0,Cold,3.0
26,deepseek,0.0,Cold,2.0
27,deepseek,0.0,Cold,2.0
28,deepseek,0.0,Cold,6.0
29,deepseek,0.0,Cold,2.0
0,deepseek,1.0,Complex,3.0
1,deepseek,1.0,Complex,8.0
2,deepseek,1.0,Complex,8.0
3,deepseek,1.0,Complex,9.0
4,deepseek,1.0,Complex,6.0
5,deepseek,1.0,Complex,7.0
6,deepseek,1.0,Complex,8.0
7,deepseek,1.0,Complex,9.0
8,deepseek,1.0,Complex,3.0
9,deepseek,1.0,Complex,8.0
10,deepseek,1.0,Complex,9.0
11,deepseek,1.0,Complex,7.0
12,deepseek,1.0,Complex,9.0
13,deepseek,1.0,Complex,8.0
14,deepseek,1.0,Complex,9.0
15,deepseek,1.0,Complex,9.0
16,deepseek,1.0,Complex,7.0
17,deepseek,1.0,Complex,7.0
18,deepseek,1.0,Complex,8.0
19,deepseek,1.0,Complex,9.0
20,deepseek,1.0,Complex,9.0
21,deepseek,1.0,Complex,7.0
22,deepseek,1.0,Complex,8.0
23,deepseek,1.0,Complex,9.0
24,deepseek,1.0,Complex,9.0
25,deepseek,1.0,Complex,6.0
26,deepseek,1.0,Complex,4.0
27,deepseek,1.0,Complex,6.0
28,deepseek,1.0,Complex,7.0
29,deepseek,1.0,Complex,6.0
0,deepseek,0.0,Complex,3.0
1,deepseek,0.0,Complex,8.0
2,deepseek,0.0,Complex,8.0
3,deepseek,0.0,Complex,8.0
4,deepseek,0.0,Complex,7.0
5,deepseek,0.0,Complex,7.0
6,deepseek,0.0,Complex,9.0
7,deepseek,0.0,Complex,9.0
8,deepseek,0.0,Complex,3.0
9,deepseek,0.0,Complex,8.0
10,deepseek,0.0,Complex,9.0
11,deepseek,0.0,Complex,7.0
12,deepseek,0.0,Complex,9.0
13,deepseek,0.0,Complex,8.0
14,deepseek,0.0,Complex,9.0
15,deepseek,0.0,Complex,9.0
16,deepseek,0.0,Complex,6.0
17,deepseek,0.0,Complex,7.0
18,deepseek,0.0,Complex,8.0
19,deepseek,0.0,Complex,9.0
20,deepseek,0.0,Complex,9.0
21,deepseek,0.0,Complex,7.0
22,deepseek,0.0,Complex,9.0
23,deepseek,0.0,Complex,9.0
24,deepseek,0.0,Complex,8.0
25,deepseek,0.0,Complex,6.0
26,deepseek,0.0,Complex,4.0
27,deepseek,0.0,Complex,7.0
28,deepseek,0.0,Complex,7.0
29,deepseek,0.0,Complex,6.0
0,deepseek,1.0,Cooperative,9.0
1,deepseek,1.0,Cooperative,7.0
2,deepseek,1.0,Cooperative,8.0
3,deepseek,1.0,Cooperative,7.0
4,deepseek,1.0,Cooperative,7.0
5,deepseek,1.0,Cooperative,8.0
6,deepseek,1.0,Cooperative,9.0
7,deepseek,1.0,Cooperative,7.0
8,deepseek,1.0,Cooperative,7.0
9,deepseek,1.0,Cooperative,7.0
10,deepseek,1.0,Cooperative,8.0
11,deepseek,1.0,Cooperative,6.0
12,deepseek,1.0,Cooperative,7.0
13,deepseek,1.0,Cooperative,7.0
14,deepseek,1.0,Cooperative,8.0
15,deepseek,1.0,Cooperative,6.0
16,deepseek,1.0,Cooperative,8.0
17,deepseek,1.0,Cooperative,6.0
18,deepseek,1.0,Cooperative,7.0
19,deepseek,1.0,Cooperative,6.0
20,deepseek,1.0,Cooperative,6.0
21,deepseek,1.0,Cooperative,7.0
22,deepseek,1.0,Cooperative,7.0
23,deepseek,1.0,Cooperative,6.0
24,deepseek,1.0,Cooperative,6.0
25,deepseek,1.0,Cooperative,6.0
26,deepseek,1.0,Cooperative,6.0
27,deepseek,1.0,Cooperative,8.0
28,deepseek,1.0,Cooperative,5.0
29,deepseek,1.0,Cooperative,8.0
0,deepseek,0.0,Cooperative,8.0
1,deepseek,0.0,Cooperative,7.0
2,deepseek,0.0,Cooperative,7.0
3,deepseek,0.0,Cooperative,6.0
4,deepseek,0.0,Cooperative,7.0
5,deepseek,0.0,Cooperative,8.0
6,deepseek,0.0,Cooperative,8.0
7,deepseek,0.0,Cooperative,7.0
8,deepseek,0.0,Cooperative,7.0
9,deepseek,0.0,Cooperative,8.0
10,deepseek,0.0,Cooperative,8.0
11,deepseek,0.0,Cooperative,6.0
12,deepseek,0.0,Cooperative,7.0
13,deepseek,0.0,Cooperative,7.0
14,deepseek,0.0,Cooperative,7.0
15,deepseek,0.0,Cooperative,6.0
16,deepseek,0.0,Cooperative,7.0
17,deepseek,0.0,Cooperative,6.0
18,deepseek,0.0,Cooperative,6.0
19,deepseek,0.0,Cooperative,6.0
20,deepseek,0.0,Cooperative,6.0
21,deepseek,0.0,Cooperative,7.0
22,deepseek,0.0,Cooperative,7.0
23,deepseek,0.0,Cooperative,5.0
24,deepseek,0.0,Cooperative,6.0
25,deepseek,0.0,Cooperative,6.0
26,deepseek,0.0,Cooperative,6.0
27,deepseek,0.0,Cooperative,8.0
28,deepseek,0.0,Cooperative,5.0
29,deepseek,0.0,Cooperative,8.0
0,deepseek,1.0,Creative,4.0
1,deepseek,1.0,Creative,7.0
2,deepseek,1.0,Creative,7.0
3,deepseek,1.0,Creative,7.0
4,deepseek,1.0,Creative,7.0
5,deepseek,1.0,Creative,6.0
6,deepseek,1.0,Creative,7.0
7,deepseek,1.0,Creative,9.0
8,deepseek,1.0,Creative,3.0
9,deepseek,1.0,Creative,6.0
10,deepseek,1.0,Creative,7.0
11,deepseek,1.0,Creative,7.0
12,deepseek,1.0,Creative,3.0
13,deepseek,1.0,Creative,7.0
14,deepseek,1.0,Creative,7.0
15,deepseek,1.0,Creative,7.0
16,deepseek,1.0,Creative,3.0
17,deepseek,1.0,Creative,7.0
18,deepseek,1.0,Creative,7.0
19,deepseek,1.0,Creative,5.0
20,deepseek,1.0,Creative,7.0
21,deepseek,1.0,Creative,7.0
22,deepseek,1.0,Creative,7.0
23,deepseek,1.0,Creative,7.0
24,deepseek,1.0,Creative,7.0
25,deepseek,1.0,Creative,3.0
26,deepseek,1.0,Creative,7.0
27,deepseek,1.0,Creative,3.0
28,deepseek,1.0,Creative,6.0
29,deepseek,1.0,Creative,6.0
0,deepseek,0.0,Creative,4.0
1,deepseek,0.0,Creative,7.0
2,deepseek,0.0,Creative,7.0
3,deepseek,0.0,Creative,7.0
4,deepseek,0.0,Creative,7.0
5,deepseek,0.0,Creative,6.0
6,deepseek,0.0,Creative,9.0
7,deepseek,0.0,Creative,9.0
8,deepseek,0.0,Creative,3.0
9,deepseek,0.0,Creative,6.0
10,deepseek,0.0,Creative,7.0
11,deepseek,0.0,Creative,6.0
12,deepseek,0.0,Creative,2.0
13,deepseek,0.0,Creative,7.0
14,deepseek,0.0,Creative,6.0
15,deepseek,0.0,Creative,7.0
16,deepseek,0.0,Creative,3.0
17,deepseek,0.0,Creative,7.0
18,deepseek,0.0,Creative,7.0
19,deepseek,0.0,Creative,5.0
20,deepseek,0.0,Creative,7.0
21,deepseek,0.0,Creative,7.0
22,deepseek,0.0,Creative,8.0
23,deepseek,0.0,Creative,6.0
24,deepseek,0.0,Creative,7.0
25,deepseek,0.0,Creative,3.0
26,deepseek,0.0,Creative,7.0
27,deepseek,0.0,Creative,3.0
28,deepseek,0.0,Creative,6.0
29,deepseek,0.0,Creative,6.0
0,deepseek,1.0,Deep,3.0
1,deepseek,1.0,Deep,8.0
2,deepseek,1.0,Deep,8.0
3,deepseek,1.0,Deep,9.0
4,deepseek,1.0,Deep,6.0
5,deepseek,1.0,Deep,7.0
6,deepseek,1.0,Deep,9.0
7,deepseek,1.0,Deep,9.0
8,deepseek,1.0,Deep,3.0
9,deepseek,1.0,Deep,8.0
10,deepseek,1.0,Deep,9.0
11,deepseek,1.0,Deep,6.0
12,deepseek,1.0,Deep,9.0
13,deepseek,1.0,Deep,8.0
14,deepseek,1.0,Deep,9.0
15,deepseek,1.0,Deep,9.0
16,deepseek,1.0,Deep,7.0
17,deepseek,1.0,Deep,7.0
18,deepseek,1.0,Deep,8.0
19,deepseek,1.0,Deep,9.0
20,deepseek,1.0,Deep,8.0
21,deepseek,1.0,Deep,7.0
22,deepseek,1.0,Deep,8.0
23,deepseek,1.0,Deep,9.0
24,deepseek,1.0,Deep,9.0
25,deepseek,1.0,Deep,6.0
26,deepseek,1.0,Deep,3.0
27,deepseek,1.0,Deep,6.0
28,deepseek,1.0,Deep,7.0
29,deepseek,1.0,Deep,6.0
0,deepseek,0.0,Deep,3.0
1,deepseek,0.0,Deep,8.0
2,deepseek,0.0,Deep,8.0
3,deepseek,0.0,Deep,8.0
4,deepseek,0.0,Deep,6.0
5,deepseek,0.0,Deep,7.0
6,deepseek,0.0,Deep,9.0
7,deepseek,0.0,Deep,9.0
8,deepseek,0.0,Deep,3.0
9,deepseek,0.0,Deep,8.0
10,deepseek,0.0,Deep,9.0
11,deepseek,0.0,Deep,7.0
12,deepseek,0.0,Deep,9.0
13,deepseek,0.0,Deep,8.0
14,deepseek,0.0,Deep,9.0
15,deepseek,0.0,Deep,9.0
16,deepseek,0.0,Deep,6.0
17,deepseek,0.0,Deep,7.0
18,deepseek,0.0,Deep,8.0
19,deepseek,0.0,Deep,9.0
20,deepseek,0.0,Deep,8.0
21,deepseek,0.0,Deep,7.0
22,deepseek,0.0,Deep,9.0
23,deepseek,0.0,Deep,9.0
24,deepseek,0.0,Deep,8.0
25,deepseek,0.0,Deep,6.0
26,deepseek,0.0,Deep,3.0
27,deepseek,0.0,Deep,7.0
28,deepseek,0.0,Deep,7.0
29,deepseek,0.0,Deep,6.0
0,deepseek,1.0,Disorganized,5.0
1,deepseek,1.0,Disorganized,7.0
2,deepseek,1.0,Disorganized,3.0
3,deepseek,1.0,Disorganized,8.0
4,deepseek,1.0,Disorganized,1.0
5,deepseek,1.0,Disorganized,2.0
6,deepseek,1.0,Disorganized,2.0
7,deepseek,1.0,Disorganized,2.0
8,deepseek,1.0,Disorganized,2.0
9,deepseek,1.0,Disorganized,7.0
10,deepseek,1.0,Disorganized,7.0
11,deepseek,1.0,Disorganized,1.0
12,deepseek,1.0,Disorganized,1.0
13,deepseek,1.0,Disorganized,3.0
14,deepseek,1.0,Disorganized,3.0
15,deepseek,1.0,Disorganized,3.0
16,deepseek,1.0,Disorganized,2.0
17,deepseek,1.0,Disorganized,5.0
18,deepseek,1.0,Disorganized,5.0
19,deepseek,1.0,Disorganized,7.0
20,deepseek,1.0,Disorganized,4.0
21,deepseek,1.0,Disorganized,2.0
22,deepseek,1.0,Disorganized,5.0
23,deepseek,1.0,Disorganized,2.0
24,deepseek,1.0,Disorganized,5.0
25,deepseek,1.0,Disorganized,7.0
26,deepseek,1.0,Disorganized,9.0
27,deepseek,1.0,Disorganized,3.0
28,deepseek,1.0,Disorganized,3.0
29,deepseek,1.0,Disorganized,4.0
0,deepseek,0.0,Disorganized,5.0
1,deepseek,0.0,Disorganized,7.0
2,deepseek,0.0,Disorganized,3.0
3,deepseek,0.0,Disorganized,7.0
4,deepseek,0.0,Disorganized,2.0
5,deepseek,0.0,Disorganized,2.0
6,deepseek,0.0,Disorganized,2.0
7,deepseek,0.0,Disorganized,3.0
8,deepseek,0.0,Disorganized,1.0
9,deepseek,0.0,Disorganized,6.0
10,deepseek,0.0,Disorganized,7.0
11,deepseek,0.0,Disorganized,1.0
12,deepseek,0.0,Disorganized,1.0
13,deepseek,0.0,Disorganized,3.0
14,deepseek,0.0,Disorganized,2.0
15,deepseek,0.0,Disorganized,3.0
16,deepseek,0.0,Disorganized,3.0
17,deepseek,0.0,Disorganized,4.0
18,deepseek,0.0,Disorganized,5.0
19,deepseek,0.0,Disorganized,7.0
20,deepseek,0.0,Disorganized,2.0
21,deepseek,0.0,Disorganized,3.0
22,deepseek,0.0,Disorganized,5.0
23,deepseek,0.0,Disorganized,2.0
24,deepseek,0.0,Disorganized,5.0
25,deepseek,0.0,Disorganized,7.0
26,deepseek,0.0,Disorganized,9.0
27,deepseek,0.0,Disorganized,3.0
28,deepseek,0.0,Disorganized,3.0
29,deepseek,0.0,Disorganized,4.0
0,deepseek,1.0,Efficient,7.0
1,deepseek,1.0,Efficient,7.0
2,deepseek,1.0,Efficient,7.0
3,deepseek,1.0,Efficient,5.0
4,deepseek,1.0,Efficient,9.0
5,deepseek,1.0,Efficient,7.0
6,deepseek,1.0,Efficient,9.0
7,deepseek,1.0,Efficient,8.0
8,deepseek,1.0,Efficient,9.0
9,deepseek,1.0,Efficient,6.0
10,deepseek,1.0,Efficient,6.0
11,deepseek,1.0,Efficient,9.0
12,deepseek,1.0,Efficient,7.0
13,deepseek,1.0,Efficient,9.0
14,deepseek,1.0,Efficient,6.0
15,deepseek,1.0,Efficient,7.0
16,deepseek,1.0,Efficient,7.0
17,deepseek,1.0,Efficient,6.0
18,deepseek,1.0,Efficient,7.0
19,deepseek,1.0,Efficient,5.0
20,deepseek,1.0,Efficient,6.0
21,deepseek,1.0,Efficient,7.0
22,deepseek,1.0,Efficient,7.0
23,deepseek,1.0,Efficient,9.0
24,deepseek,1.0,Efficient,7.0
25,deepseek,1.0,Efficient,8.0
26,deepseek,1.0,Efficient,4.0
27,deepseek,1.0,Efficient,9.0
28,deepseek,1.0,Efficient,7.0
29,deepseek,1.0,Efficient,6.0
0,deepseek,0.0,Efficient,7.0
1,deepseek,0.0,Efficient,7.0
2,deepseek,0.0,Efficient,7.0
3,deepseek,0.0,Efficient,4.0
4,deepseek,0.0,Efficient,9.0
5,deepseek,0.0,Efficient,6.0
6,deepseek,0.0,Efficient,9.0
7,deepseek,0.0,Efficient,7.0
8,deepseek,0.0,Efficient,8.0
9,deepseek,0.0,Efficient,6.0
10,deepseek,0.0,Efficient,6.0
11,deepseek,0.0,Efficient,9.0
12,deepseek,0.0,Efficient,7.0
13,deepseek,0.0,Efficient,9.0
14,deepseek,0.0,Efficient,6.0
15,deepseek,0.0,Efficient,7.0
16,deepseek,0.0,Efficient,7.0
17,deepseek,0.0,Efficient,6.0
18,deepseek,0.0,Efficient,7.0
19,deepseek,0.0,Efficient,4.0
20,deepseek,0.0,Efficient,6.0
21,deepseek,0.0,Efficient,7.0
22,deepseek,0.0,Efficient,7.0
23,deepseek,0.0,Efficient,9.0
24,deepseek,0.0,Efficient,7.0
25,deepseek,0.0,Efficient,9.0
26,deepseek,0.0,Efficient,4.0
27,deepseek,0.0,Efficient,9.0
28,deepseek,0.0,Efficient,7.0
29,deepseek,0.0,Efficient,6.0
0,deepseek,1.0,Energetic,9.0
1,deepseek,1.0,Energetic,6.0
2,deepseek,1.0,Energetic,3.0
3,deepseek,1.0,Energetic,4.0
4,deepseek,1.0,Energetic,6.0
5,deepseek,1.0,Energetic,6.0
6,deepseek,1.0,Energetic,9.0
7,deepseek,1.0,Energetic,8.0
8,deepseek,1.0,Energetic,8.0
9,deepseek,1.0,Energetic,7.0
10,deepseek,1.0,Energetic,8.0
11,deepseek,1.0,Energetic,9.0
12,deepseek,1.0,Energetic,2.0
13,deepseek,1.0,Energetic,3.0
14,deepseek,1.0,Energetic,6.0
15,deepseek,1.0,Energetic,6.0
16,deepseek,1.0,Energetic,9.0
17,deepseek,1.0,Energetic,6.0
18,deepseek,1.0,Energetic,3.0
19,deepseek,1.0,Energetic,6.0
20,deepseek,1.0,Energetic,6.0
21,deepseek,1.0,Energetic,6.0
22,deepseek,1.0,Energetic,8.0
23,deepseek,1.0,Energetic,9.0
24,deepseek,1.0,Energetic,5.0
25,deepseek,1.0,Energetic,6.0
26,deepseek,1.0,Energetic,6.0
27,deepseek,1.0,Energetic,7.0
28,deepseek,1.0,Energetic,8.0
29,deepseek,1.0,Energetic,6.0
0,deepseek,0.0,Energetic,9.0
1,deepseek,0.0,Energetic,6.0
2,deepseek,0.0,Energetic,3.0
3,deepseek,0.0,Energetic,3.0
4,deepseek,0.0,Energetic,7.0
5,deepseek,0.0,Energetic,6.0
6,deepseek,0.0,Energetic,9.0
7,deepseek,0.0,Energetic,8.0
8,deepseek,0.0,Energetic,8.0
9,deepseek,0.0,Energetic,8.0
10,deepseek,0.0,Energetic,8.0
11,deepseek,0.0,Energetic,9.0
12,deepseek,0.0,Energetic,2.0
13,deepseek,0.0,Energetic,4.0
14,deepseek,0.0,Energetic,6.0
15,deepseek,0.0,Energetic,7.0
16,deepseek,0.0,Energetic,9.0
17,deepseek,0.0,Energetic,6.0
18,deepseek,0.0,Energetic,3.0
19,deepseek,0.0,Energetic,6.0
20,deepseek,0.0,Energetic,6.0
21,deepseek,0.0,Energetic,6.0
22,deepseek,0.0,Energetic,9.0
23,deepseek,0.0,Energetic,9.0
24,deepseek,0.0,Energetic,5.0
25,deepseek,0.0,Energetic,6.0
26,deepseek,0.0,Energetic,6.0
27,deepseek,0.0,Energetic,7.0
28,deepseek,0.0,Energetic,7.0
29,deepseek,0.0,Energetic,6.0
0,deepseek,1.0,Envious,2.0
1,deepseek,1.0,Envious,5.0
2,deepseek,1.0,Envious,4.0
3,deepseek,1.0,Envious,3.0
4,deepseek,1.0,Envious,3.0
5,deepseek,1.0,Envious,3.0
6,deepseek,1.0,Envious,2.0
7,deepseek,1.0,Envious,2.0
8,deepseek,1.0,Envious,5.0
9,deepseek,1.0,Envious,4.0
10,deepseek,1.0,Envious,2.0
11,deepseek,1.0,Envious,2.0
12,deepseek,1.0,Envious,5.0
13,deepseek,1.0,Envious,2.0
14,deepseek,1.0,Envious,2.0
15,deepseek,1.0,Envious,3.0
16,deepseek,1.0,Envious,1.0
17,deepseek,1.0,Envious,2.0
18,deepseek,1.0,Envious,4.0
19,deepseek,1.0,Envious,3.0
20,deepseek,1.0,Envious,5.0
21,deepseek,1.0,Envious,2.0
22,deepseek,1.0,Envious,2.0
23,deepseek,1.0,Envious,5.0
24,deepseek,1.0,Envious,3.0
25,deepseek,1.0,Envious,5.0
26,deepseek,1.0,Envious,5.0
27,deepseek,1.0,Envious,4.0
28,deepseek,1.0,Envious,3.0
29,deepseek,1.0,Envious,2.0
0,deepseek,0.0,Envious,2.0
1,deepseek,0.0,Envious,5.0
2,deepseek,0.0,Envious,4.0
3,deepseek,0.0,Envious,5.0
4,deepseek,0.0,Envious,4.0
5,deepseek,0.0,Envious,3.0
6,deepseek,0.0,Envious,2.0
7,deepseek,0.0,Envious,3.0
8,deepseek,0.0,Envious,5.0
9,deepseek,0.0,Envious,3.0
10,deepseek,0.0,Envious,1.0
11,deepseek,0.0,Envious,2.0
12,deepseek,0.0,Envious,1.0
13,deepseek,0.0,Envious,2.0
14,deepseek,0.0,Envious,2.0
15,deepseek,0.0,Envious,3.0
16,deepseek,0.0,Envious,2.0
17,deepseek,0.0,Envious,3.0
18,deepseek,0.0,Envious,4.0
19,deepseek,0.0,Envious,2.0
20,deepseek,0.0,Envious,4.0
21,deepseek,0.0,Envious,2.0
22,deepseek,0.0,Envious,2.0
23,deepseek,0.0,Envious,2.0
24,deepseek,0.0,Envious,3.0
25,deepseek,0.0,Envious,4.0
26,deepseek,0.0,Envious,5.0
27,deepseek,0.0,Envious,5.0
28,deepseek,0.0,Envious,3.0
29,deepseek,0.0,Envious,2.0
0,deepseek,1.0,Extraverted,9.0
1,deepseek,1.0,Extraverted,8.0
2,deepseek,1.0,Extraverted,2.0
3,deepseek,1.0,Extraverted,8.0
4,deepseek,1.0,Extraverted,6.0
5,deepseek,1.0,Extraverted,8.0
6,deepseek,1.0,Extraverted,9.0
7,deepseek,1.0,Extraverted,9.0
8,deepseek,1.0,Extraverted,9.0
9,deepseek,1.0,Extraverted,8.0
10,deepseek,1.0,Extraverted,2.0
11,deepseek,1.0,Extraverted,9.0
12,deepseek,1.0,Extraverted,1.0
13,deepseek,1.0,Extraverted,6.0
14,deepseek,1.0,Extraverted,8.0
15,deepseek,1.0,Extraverted,8.0
16,deepseek,1.0,Extraverted,9.0
17,deepseek,1.0,Extraverted,8.0
18,deepseek,1.0,Extraverted,3.0
19,deepseek,1.0,Extraverted,8.0
20,deepseek,1.0,Extraverted,8.0
21,deepseek,1.0,Extraverted,6.0
22,deepseek,1.0,Extraverted,8.0
23,deepseek,1.0,Extraverted,9.0
24,deepseek,1.0,Extraverted,2.0
25,deepseek,1.0,Extraverted,8.0
26,deepseek,1.0,Extraverted,6.0
27,deepseek,1.0,Extraverted,9.0
28,deepseek,1.0,Extraverted,2.0
29,deepseek,1.0,Extraverted,6.0
0,deepseek,0.0,Extraverted,9.0
1,deepseek,0.0,Extraverted,8.0
2,deepseek,0.0,Extraverted,2.0
3,deepseek,0.0,Extraverted,8.0
4,deepseek,0.0,Extraverted,6.0
5,deepseek,0.0,Extraverted,8.0
6,deepseek,0.0,Extraverted,9.0
7,deepseek,0.0,Extraverted,9.0
8,deepseek,0.0,Extraverted,8.0
9,deepseek,0.0,Extraverted,8.0
10,deepseek,0.0,Extraverted,1.0
11,deepseek,0.0,Extraverted,9.0
12,deepseek,0.0,Extraverted,1.0
13,deepseek,0.0,Extraverted,6.0
14,deepseek,0.0,Extraverted,8.0
15,deepseek,0.0,Extraverted,8.0
16,deepseek,0.0,Extraverted,9.0
17,deepseek,0.0,Extraverted,8.0
18,deepseek,0.0,Extraverted,3.0
19,deepseek,0.0,Extraverted,8.0
20,deepseek,0.0,Extraverted,8.0
21,deepseek,0.0,Extraverted,6.0
22,deepseek,0.0,Extraverted,9.0
23,deepseek,0.0,Extraverted,9.0
24,deepseek,0.0,Extraverted,2.0
25,deepseek,0.0,Extraverted,8.0
26,deepseek,0.0,Extraverted,6.0
27,deepseek,0.0,Extraverted,9.0
28,deepseek,0.0,Extraverted,2.0
29,deepseek,0.0,Extraverted,6.0
0,deepseek,1.0,Fretful,6.0
1,deepseek,1.0,Fretful,6.0
2,deepseek,1.0,Fretful,6.0
3,deepseek,1.0,Fretful,7.0
4,deepseek,1.0,Fretful,7.0
5,deepseek,1.0,Fretful,6.0
6,deepseek,1.0,Fretful,6.0
7,deepseek,1.0,Fretful,6.0
8,deepseek,1.0,Fretful,9.0
9,deepseek,1.0,Fretful,7.0
10,deepseek,1.0,Fretful,8.0
11,deepseek,1.0,Fretful,2.0
12,deepseek,1.0,Fretful,7.0
13,deepseek,1.0,Fretful,4.0
14,deepseek,1.0,Fretful,8.0
15,deepseek,1.0,Fretful,5.0
16,deepseek,1.0,Fretful,8.0
17,deepseek,1.0,Fretful,6.0
18,deepseek,1.0,Fretful,6.0
19,deepseek,1.0,Fretful,8.0
20,deepseek,1.0,Fretful,7.0
21,deepseek,1.0,Fretful,7.0
22,deepseek,1.0,Fretful,7.0
23,deepseek,1.0,Fretful,6.0
24,deepseek,1.0,Fretful,6.0
25,deepseek,1.0,Fretful,7.0
26,deepseek,1.0,Fretful,8.0
27,deepseek,1.0,Fretful,8.0
28,deepseek,1.0,Fretful,5.0
29,deepseek,1.0,Fretful,4.0
0,deepseek,0.0,Fretful,6.0
1,deepseek,0.0,Fretful,6.0
2,deepseek,0.0,Fretful,6.0
3,deepseek,0.0,Fretful,7.0
4,deepseek,0.0,Fretful,7.0
5,deepseek,0.0,Fretful,5.0
6,deepseek,0.0,Fretful,6.0
7,deepseek,0.0,Fretful,6.0
8,deepseek,0.0,Fretful,8.0
9,deepseek,0.0,Fretful,7.0
10,deepseek,0.0,Fretful,8.0
11,deepseek,0.0,Fretful,2.0
12,deepseek,0.0,Fretful,8.0
13,deepseek,0.0,Fretful,4.0
14,deepseek,0.0,Fretful,7.0
15,deepseek,0.0,Fretful,5.0
16,deepseek,0.0,Fretful,8.0
17,deepseek,0.0,Fretful,6.0
18,deepseek,0.0,Fretful,5.0
19,deepseek,0.0,Fretful,9.0
20,deepseek,0.0,Fretful,7.0
21,deepseek,0.0,Fretful,7.0
22,deepseek,0.0,Fretful,6.0
23,deepseek,0.0,Fretful,6.0
24,deepseek,0.0,Fretful,6.0
25,deepseek,0.0,Fretful,7.0
26,deepseek,0.0,Fretful,8.0
27,deepseek,0.0,Fretful,8.0
28,deepseek,0.0,Fretful,5.0
29,deepseek,0.0,Fretful,4.0
0,deepseek,1.0,Harsh,2.0
1,deepseek,1.0,Harsh,5.0
2,deepseek,1.0,Harsh,3.0
3,deepseek,1.0,Harsh,3.0
4,deepseek,1.0,Harsh,3.0
5,deepseek,1.0,Harsh,2.0
6,deepseek,1.0,Harsh,2.0
7,deepseek,1.0,Harsh,3.0
8,deepseek,1.0,Harsh,4.0
9,deepseek,1.0,Harsh,5.0
10,deepseek,1.0,Harsh,2.0
11,deepseek,1.0,Harsh,3.0
12,deepseek,1.0,Harsh,1.0
13,deepseek,1.0,Harsh,2.0
14,deepseek,1.0,Harsh,2.0
15,deepseek,1.0,Harsh,5.0
16,deepseek,1.0,Harsh,1.0
17,deepseek,1.0,Harsh,5.0
18,deepseek,1.0,Harsh,3.0
19,deepseek,1.0,Harsh,4.0
20,deepseek,1.0,Harsh,6.0
21,deepseek,1.0,Harsh,2.0
22,deepseek,1.0,Harsh,2.0
23,deepseek,1.0,Harsh,8.0
24,deepseek,1.0,Harsh,3.0
25,deepseek,1.0,Harsh,5.0
26,deepseek,1.0,Harsh,3.0
27,deepseek,1.0,Harsh,3.0
28,deepseek,1.0,Harsh,6.0
29,deepseek,1.0,Harsh,1.0
0,deepseek,0.0,Harsh,2.0
1,deepseek,0.0,Harsh,5.0
2,deepseek,0.0,Harsh,3.0
3,deepseek,0.0,Harsh,3.0
4,deepseek,0.0,Harsh,4.0
5,deepseek,0.0,Harsh,2.0
6,deepseek,0.0,Harsh,2.0
7,deepseek,0.0,Harsh,3.0
8,deepseek,0.0,Harsh,3.0
9,deepseek,0.0,Harsh,4.0
10,deepseek,0.0,Harsh,1.0
11,deepseek,0.0,Harsh,6.0
12,deepseek,0.0,Harsh,1.0
13,deepseek,0.0,Harsh,2.0
14,deepseek,0.0,Harsh,2.0
15,deepseek,0.0,Harsh,6.0
16,deepseek,0.0,Harsh,2.0
17,deepseek,0.0,Harsh,5.0
18,deepseek,0.0,Harsh,3.0
19,deepseek,0.0,Harsh,3.0
20,deepseek,0.0,Harsh,5.0
21,deepseek,0.0,Harsh,2.0
22,deepseek,0.0,Harsh,2.0
23,deepseek,0.0,Harsh,7.0
24,deepseek,0.0,Harsh,3.0
25,deepseek,0.0,Harsh,5.0
26,deepseek,0.0,Harsh,3.0
27,deepseek,0.0,Harsh,6.0
28,deepseek,0.0,Harsh,4.0
29,deepseek,0.0,Harsh,2.0
0,deepseek,1.0,Imaginative,4.0
1,deepseek,1.0,Imaginative,6.0
2,deepseek,1.0,Imaginative,9.0
3,deepseek,1.0,Imaginative,5.0
4,deepseek,1.0,Imaginative,5.0
5,deepseek,1.0,Imaginative,5.0
6,deepseek,1.0,Imaginative,6.0
7,deepseek,1.0,Imaginative,6.0
8,deepseek,1.0,Imaginative,3.0
9,deepseek,1.0,Imaginative,5.0
10,deepseek,1.0,Imaginative,9.0
11,deepseek,1.0,Imaginative,6.0
12,deepseek,1.0,Imaginative,3.0
13,deepseek,1.0,Imaginative,6.0
14,deepseek,1.0,Imaginative,6.0
15,deepseek,1.0,Imaginative,5.0
16,deepseek,1.0,Imaginative,3.0
17,deepseek,1.0,Imaginative,5.0
18,deepseek,1.0,Imaginative,6.0
19,deepseek,1.0,Imaginative,5.0
20,deepseek,1.0,Imaginative,6.0
21,deepseek,1.0,Imaginative,9.0
22,deepseek,1.0,Imaginative,6.0
23,deepseek,1.0,Imaginative,5.0
24,deepseek,1.0,Imaginative,6.0
25,deepseek,1.0,Imaginative,3.0
26,deepseek,1.0,Imaginative,5.0
27,deepseek,1.0,Imaginative,3.0
28,deepseek,1.0,Imaginative,4.0
29,deepseek,1.0,Imaginative,5.0
0,deepseek,0.0,Imaginative,4.0
1,deepseek,0.0,Imaginative,6.0
2,deepseek,0.0,Imaginative,8.0
3,deepseek,0.0,Imaginative,5.0
4,deepseek,0.0,Imaginative,5.0
5,deepseek,0.0,Imaginative,5.0
6,deepseek,0.0,Imaginative,6.0
7,deepseek,0.0,Imaginative,5.0
8,deepseek,0.0,Imaginative,3.0
9,deepseek,0.0,Imaginative,4.0
10,deepseek,0.0,Imaginative,9.0
11,deepseek,0.0,Imaginative,6.0
12,deepseek,0.0,Imaginative,3.0
13,deepseek,0.0,Imaginative,5.0
14,deepseek,0.0,Imaginative,5.0
15,deepseek,0.0,Imaginative,5.0
16,deepseek,0.0,Imaginative,4.0
17,deepseek,0.0,Imaginative,5.0
18,deepseek,0.0,Imaginative,6.0
19,deepseek,0.0,Imaginative,5.0
20,deepseek,0.0,Imaginative,6.0
21,deepseek,0.0,Imaginative,9.0
22,deepseek,0.0,Imaginative,6.0
23,deepseek,0.0,Imaginative,4.0
24,deepseek,0.0,Imaginative,6.0
25,deepseek,0.0,Imaginative,3.0
26,deepseek,0.0,Imaginative,5.0
27,deepseek,0.0,Imaginative,4.0
28,deepseek,0.0,Imaginative,5.0
29,deepseek,0.0,Imaginative,5.0
0,deepseek,1.0,Inefficient,3.0
1,deepseek,1.0,Inefficient,5.0
2,deepseek,1.0,Inefficient,3.0
3,deepseek,1.0,Inefficient,7.0
4,deepseek,1.0,Inefficient,2.0
5,deepseek,1.0,Inefficient,3.0
6,deepseek,1.0,Inefficient,2.0
7,deepseek,1.0,Inefficient,2.0
8,deepseek,1.0,Inefficient,2.0
9,deepseek,1.0,Inefficient,4.0
10,deepseek,1.0,Inefficient,3.0
11,deepseek,1.0,Inefficient,1.0
12,deepseek,1.0,Inefficient,2.0
13,deepseek,1.0,Inefficient,2.0
14,deepseek,1.0,Inefficient,4.0
15,deepseek,1.0,Inefficient,3.0
16,deepseek,1.0,Inefficient,2.0
17,deepseek,1.0,Inefficient,4.0
18,deepseek,1.0,Inefficient,4.0
19,deepseek,1.0,Inefficient,7.0
20,deepseek,1.0,Inefficient,5.0
21,deepseek,1.0,Inefficient,2.0
22,deepseek,1.0,Inefficient,3.0
23,deepseek,1.0,Inefficient,2.0
24,deepseek,1.0,Inefficient,4.0
25,deepseek,1.0,Inefficient,2.0
26,deepseek,1.0,Inefficient,7.0
27,deepseek,1.0,Inefficient,3.0
28,deepseek,1.0,Inefficient,3.0
29,deepseek,1.0,Inefficient,4.0
0,deepseek,0.0,Inefficient,3.0
1,deepseek,0.0,Inefficient,5.0
2,deepseek,0.0,Inefficient,3.0
3,deepseek,0.0,Inefficient,7.0
4,deepseek,0.0,Inefficient,2.0
5,deepseek,0.0,Inefficient,3.0
6,deepseek,0.0,Inefficient,2.0
7,deepseek,0.0,Inefficient,2.0
8,deepseek,0.0,Inefficient,2.0
9,deepseek,0.0,Inefficient,3.0
10,deepseek,0.0,Inefficient,3.0
11,deepseek,0.0,Inefficient,1.0
12,deepseek,0.0,Inefficient,2.0
13,deepseek,0.0,Inefficient,2.0
14,deepseek,0.0,Inefficient,3.0
15,deepseek,0.0,Inefficient,3.0
16,deepseek,0.0,Inefficient,3.0
17,deepseek,0.0,Inefficient,3.0
18,deepseek,0.0,Inefficient,4.0
19,deepseek,0.0,Inefficient,7.0
20,deepseek,0.0,Inefficient,4.0
21,deepseek,0.0,Inefficient,3.0
22,deepseek,0.0,Inefficient,3.0
23,deepseek,0.0,Inefficient,2.0
24,deepseek,0.0,Inefficient,3.0
25,deepseek,0.0,Inefficient,2.0
26,deepseek,0.0,Inefficient,7.0
27,deepseek,0.0,Inefficient,2.0
28,deepseek,0.0,Inefficient,3.0
29,deepseek,0.0,Inefficient,4.0
0,deepseek,1.0,Intellectual,8.0
1,deepseek,1.0,Intellectual,5.0
2,deepseek,1.0,Intellectual,8.0
3,deepseek,1.0,Intellectual,8.0
4,deepseek,1.0,Intellectual,4.0
5,deepseek,1.0,Intellectual,8.0
6,deepseek,1.0,Intellectual,9.0
7,deepseek,1.0,Intellectual,8.0
8,deepseek,1.0,Intellectual,3.0
9,deepseek,1.0,Intellectual,8.0
10,deepseek,1.0,Intellectual,9.0
11,deepseek,1.0,Intellectual,8.0
12,deepseek,1.0,Intellectual,8.0
13,deepseek,1.0,Intellectual,7.0
14,deepseek,1.0,Intellectual,9.0
15,deepseek,1.0,Intellectual,8.0
16,deepseek,1.0,Intellectual,3.0
17,deepseek,1.0,Intellectual,9.0
18,deepseek,1.0,Intellectual,8.0
19,deepseek,1.0,Intellectual,8.0
20,deepseek,1.0,Intellectual,8.0
21,deepseek,1.0,Intellectual,6.0
22,deepseek,1.0,Intellectual,8.0
23,deepseek,1.0,Intellectual,8.0
24,deepseek,1.0,Intellectual,6.0
25,deepseek,1.0,Intellectual,8.0
26,deepseek,1.0,Intellectual,3.0
27,deepseek,1.0,Intellectual,7.0
28,deepseek,1.0,Intellectual,7.0
29,deepseek,1.0,Intellectual,8.0
0,deepseek,0.0,Intellectual,6.0
1,deepseek,0.0,Intellectual,5.0
2,deepseek,0.0,Intellectual,8.0
3,deepseek,0.0,Intellectual,8.0
4,deepseek,0.0,Intellectual,4.0
5,deepseek,0.0,Intellectual,7.0
6,deepseek,0.0,Intellectual,9.0
7,deepseek,0.0,Intellectual,8.0
8,deepseek,0.0,Intellectual,3.0
9,deepseek,0.0,Intellectual,8.0
10,deepseek,0.0,Intellectual,9.0
11,deepseek,0.0,Intellectual,8.0
12,deepseek,0.0,Intellectual,8.0
13,deepseek,0.0,Intellectual,8.0
14,deepseek,0.0,Intellectual,8.0
15,deepseek,0.0,Intellectual,8.0
16,deepseek,0.0,Intellectual,3.0
17,deepseek,0.0,Intellectual,8.0
18,deepseek,0.0,Intellectual,8.0
19,deepseek,0.0,Intellectual,9.0
20,deepseek,0.0,Intellectual,8.0
21,deepseek,0.0,Intellectual,6.0
22,deepseek,0.0,Intellectual,9.0
23,deepseek,0.0,Intellectual,9.0
24,deepseek,0.0,Intellectual,6.0
25,deepseek,0.0,Intellectual,8.0
26,deepseek,0.0,Intellectual,4.0
27,deepseek,0.0,Intellectual,8.0
28,deepseek,0.0,Intellectual,7.0
29,deepseek,0.0,Intellectual,8.0
0,deepseek,1.0,Jealous,2.0
1,deepseek,1.0,Jealous,5.0
2,deepseek,1.0,Jealous,4.0
3,deepseek,1.0,Jealous,3.0
4,deepseek,1.0,Jealous,3.0
5,deepseek,1.0,Jealous,3.0
6,deepseek,1.0,Jealous,2.0
7,deepseek,1.0,Jealous,2.0
8,deepseek,1.0,Jealous,5.0
9,deepseek,1.0,Jealous,4.0
10,deepseek,1.0,Jealous,2.0
11,deepseek,1.0,Jealous,2.0
12,deepseek,1.0,Jealous,5.0
13,deepseek,1.0,Jealous,2.0
14,deepseek,1.0,Jealous,2.0
15,deepseek,1.0,Jealous,3.0
16,deepseek,1.0,Jealous,1.0
17,deepseek,1.0,Jealous,2.0
18,deepseek,1.0,Jealous,4.0
19,deepseek,1.0,Jealous,3.0
20,deepseek,1.0,Jealous,5.0
21,deepseek,1.0,Jealous,2.0
22,deepseek,1.0,Jealous,2.0
23,deepseek,1.0,Jealous,5.0
24,deepseek,1.0,Jealous,3.0
25,deepseek,1.0,Jealous,5.0
26,deepseek,1.0,Jealous,5.0
27,deepseek,1.0,Jealous,4.0
28,deepseek,1.0,Jealous,3.0
29,deepseek,1.0,Jealous,2.0
0,deepseek,0.0,Jealous,2.0
1,deepseek,0.0,Jealous,5.0
2,deepseek,0.0,Jealous,4.0
3,deepseek,0.0,Jealous,5.0
4,deepseek,0.0,Jealous,4.0
5,deepseek,0.0,Jealous,3.0
6,deepseek,0.0,Jealous,2.0
7,deepseek,0.0,Jealous,2.0
8,deepseek,0.0,Jealous,5.0
9,deepseek,0.0,Jealous,3.0
10,deepseek,0.0,Jealous,1.0
11,deepseek,0.0,Jealous,2.0
12,deepseek,0.0,Jealous,1.0
13,deepseek,0.0,Jealous,2.0
14,deepseek,0.0,Jealous,2.0
15,deepseek,0.0,Jealous,3.0
16,deepseek,0.0,Jealous,2.0
17,deepseek,0.0,Jealous,3.0
18,deepseek,0.0,Jealous,4.0
19,deepseek,0.0,Jealous,2.0
20,deepseek,0.0,Jealous,3.0
21,deepseek,0.0,Jealous,2.0
22,deepseek,0.0,Jealous,2.0
23,deepseek,0.0,Jealous,2.0
24,deepseek,0.0,Jealous,3.0
25,deepseek,0.0,Jealous,4.0
26,deepseek,0.0,Jealous,5.0
27,deepseek,0.0,Jealous,5.0
28,deepseek,0.0,Jealous,3.0
29,deepseek,0.0,Jealous,2.0
0,deepseek,1.0,Kind,9.0
1,deepseek,1.0,Kind,7.0
2,deepseek,1.0,Kind,9.0
3,deepseek,1.0,Kind,7.0
4,deepseek,1.0,Kind,7.0
5,deepseek,1.0,Kind,8.0
6,deepseek,1.0,Kind,9.0
7,deepseek,1.0,Kind,7.0
8,deepseek,1.0,Kind,7.0
9,deepseek,1.0,Kind,8.0
10,deepseek,1.0,Kind,9.0
11,deepseek,1.0,Kind,6.0
12,deepseek,1.0,Kind,7.0
13,deepseek,1.0,Kind,7.0
14,deepseek,1.0,Kind,8.0
15,deepseek,1.0,Kind,6.0
16,deepseek,1.0,Kind,8.0
17,deepseek,1.0,Kind,7.0
18,deepseek,1.0,Kind,7.0
19,deepseek,1.0,Kind,7.0
20,deepseek,1.0,Kind,7.0
21,deepseek,1.0,Kind,7.0
22,deepseek,1.0,Kind,7.0
23,deepseek,1.0,Kind,6.0
24,deepseek,1.0,Kind,8.0
25,deepseek,1.0,Kind,7.0
26,deepseek,1.0,Kind,7.0
27,deepseek,1.0,Kind,8.0
28,deepseek,1.0,Kind,6.0
29,deepseek,1.0,Kind,9.0
0,deepseek,0.0,Kind,9.0
1,deepseek,0.0,Kind,7.0
2,deepseek,0.0,Kind,8.0
3,deepseek,0.0,Kind,7.0
4,deepseek,0.0,Kind,7.0
5,deepseek,0.0,Kind,8.0
6,deepseek,0.0,Kind,9.0
7,deepseek,0.0,Kind,7.0
8,deepseek,0.0,Kind,7.0
9,deepseek,0.0,Kind,8.0
10,deepseek,0.0,Kind,9.0
11,deepseek,0.0,Kind,6.0
12,deepseek,0.0,Kind,7.0
13,deepseek,0.0,Kind,7.0
14,deepseek,0.0,Kind,8.0
15,deepseek,0.0,Kind,6.0
16,deepseek,0.0,Kind,7.0
17,deepseek,0.0,Kind,7.0
18,deepseek,0.0,Kind,6.0
19,deepseek,0.0,Kind,7.0
20,deepseek,0.0,Kind,7.0
21,deepseek,0.0,Kind,7.0
22,deepseek,0.0,Kind,8.0
23,deepseek,0.0,Kind,5.0
24,deepseek,0.0,Kind,8.0
25,deepseek,0.0,Kind,7.0
26,deepseek,0.0,Kind,7.0
27,deepseek,0.0,Kind,8.0
28,deepseek,0.0,Kind,6.0
29,deepseek,0.0,Kind,9.0
0,deepseek,1.0,Moody,6.0
1,deepseek,1.0,Moody,7.0
2,deepseek,1.0,Moody,8.0
3,deepseek,1.0,Moody,3.0
4,deepseek,1.0,Moody,7.0
5,deepseek,1.0,Moody,6.0
6,deepseek,1.0,Moody,3.0
7,deepseek,1.0,Moody,2.0
8,deepseek,1.0,Moody,3.0
9,deepseek,1.0,Moody,7.0
10,deepseek,1.0,Moody,8.0
11,deepseek,1.0,Moody,1.0
12,deepseek,1.0,Moody,2.0
13,deepseek,1.0,Moody,3.0
14,deepseek,1.0,Moody,7.0
15,deepseek,1.0,Moody,2.0
16,deepseek,1.0,Moody,7.0
17,deepseek,1.0,Moody,3.0
18,deepseek,1.0,Moody,3.0
19,deepseek,1.0,Moody,7.0
20,deepseek,1.0,Moody,7.0
21,deepseek,1.0,Moody,2.0
22,deepseek,1.0,Moody,6.0
23,deepseek,1.0,Moody,7.0
24,deepseek,1.0,Moody,3.0
25,deepseek,1.0,Moody,3.0
26,deepseek,1.0,Moody,3.0
27,deepseek,1.0,Moody,7.0
28,deepseek,1.0,Moody,3.0
29,deepseek,1.0,Moody,2.0
0,deepseek,0.0,Moody,6.0
1,deepseek,0.0,Moody,7.0
2,deepseek,0.0,Moody,8.0
3,deepseek,0.0,Moody,2.0
4,deepseek,0.0,Moody,7.0
5,deepseek,0.0,Moody,6.0
6,deepseek,0.0,Moody,3.0
7,deepseek,0.0,Moody,2.0
8,deepseek,0.0,Moody,3.0
9,deepseek,0.0,Moody,6.0
10,deepseek,0.0,Moody,7.0
11,deepseek,0.0,Moody,1.0
12,deepseek,0.0,Moody,2.0
13,deepseek,0.0,Moody,3.0
14,deepseek,0.0,Moody,7.0
15,deepseek,0.0,Moody,2.0
16,deepseek,0.0,Moody,7.0
17,deepseek,0.0,Moody,3.0
18,deepseek,0.0,Moody,3.0
19,deepseek,0.0,Moody,7.0
20,deepseek,0.0,Moody,7.0
21,deepseek,0.0,Moody,2.0
22,deepseek,0.0,Moody,6.0
23,deepseek,0.0,Moody,7.0
24,deepseek,0.0,Moody,3.0
25,deepseek,0.0,Moody,3.0
26,deepseek,0.0,Moody,3.0
27,deepseek,0.0,Moody,7.0
28,deepseek,0.0,Moody,3.0
29,deepseek,0.0,Moody,2.0
0,deepseek,1.0,Organized,6.0
1,deepseek,1.0,Organized,6.0
2,deepseek,1.0,Organized,7.0
3,deepseek,1.0,Organized,3.0
4,deepseek,1.0,Organized,9.0
5,deepseek,1.0,Organized,9.0
6,deepseek,1.0,Organized,9.0
7,deepseek,1.0,Organized,7.0
8,deepseek,1.0,Organized,9.0
9,deepseek,1.0,Organized,6.0
10,deepseek,1.0,Organized,3.0
11,deepseek,1.0,Organized,9.0
12,deepseek,1.0,Organized,9.0
13,deepseek,1.0,Organized,7.0
14,deepseek,1.0,Organized,7.0
15,deepseek,1.0,Organized,7.0
16,deepseek,1.0,Organized,7.0
17,deepseek,1.0,Organized,6.0
18,deepseek,1.0,Organized,5.0
19,deepseek,1.0,Organized,4.0
20,deepseek,1.0,Organized,7.0
21,deepseek,1.0,Organized,7.0
22,deepseek,1.0,Organized,6.0
23,deepseek,1.0,Organized,9.0
24,deepseek,1.0,Organized,6.0
25,deepseek,1.0,Organized,8.0
26,deepseek,1.0,Organized,2.0
27,deepseek,1.0,Organized,8.0
28,deepseek,1.0,Organized,7.0
29,deepseek,1.0,Organized,6.0
0,deepseek,0.0,Organized,6.0
1,deepseek,0.0,Organized,6.0
2,deepseek,0.0,Organized,7.0
3,deepseek,0.0,Organized,3.0
4,deepseek,0.0,Organized,9.0
5,deepseek,0.0,Organized,9.0
6,deepseek,0.0,Organized,9.0
7,deepseek,0.0,Organized,7.0
8,deepseek,0.0,Organized,9.0
9,deepseek,0.0,Organized,6.0
10,deepseek,0.0,Organized,2.0
11,deepseek,0.0,Organized,9.0
12,deepseek,0.0,Organized,9.0
13,deepseek,0.0,Organized,7.0
14,deepseek,0.0,Organized,7.0
15,deepseek,0.0,Organized,7.0
16,deepseek,0.0,Organized,6.0
17,deepseek,0.0,Organized,6.0
18,deepseek,0.0,Organized,5.0
19,deepseek,0.0,Organized,4.0
20,deepseek,0.0,Organized,8.0
21,deepseek,0.0,Organized,7.0
22,deepseek,0.0,Organized,6.0
23,deepseek,0.0,Organized,9.0
24,deepseek,0.0,Organized,6.0
25,deepseek,0.0,Organized,8.0
26,deepseek,0.0,Organized,2.0
27,deepseek,0.0,Organized,7.0
28,deepseek,0.0,Organized,7.0
29,deepseek,0.0,Organized,6.0
0,deepseek,1.0,Philosophical,8.0
1,deepseek,1.0,Philosophical,5.0
2,deepseek,1.0,Philosophical,8.0
3,deepseek,1.0,Philosophical,8.0
4,deepseek,1.0,Philosophical,4.0
5,deepseek,1.0,Philosophical,8.0
6,deepseek,1.0,Philosophical,9.0
7,deepseek,1.0,Philosophical,8.0
8,deepseek,1.0,Philosophical,3.0
9,deepseek,1.0,Philosophical,8.0
10,deepseek,1.0,Philosophical,9.0
11,deepseek,1.0,Philosophical,8.0
12,deepseek,1.0,Philosophical,8.0
13,deepseek,1.0,Philosophical,7.0
14,deepseek,1.0,Philosophical,9.0
15,deepseek,1.0,Philosophical,8.0
16,deepseek,1.0,Philosophical,2.0
17,deepseek,1.0,Philosophical,9.0
18,deepseek,1.0,Philosophical,8.0
19,deepseek,1.0,Philosophical,8.0
20,deepseek,1.0,Philosophical,8.0
21,deepseek,1.0,Philosophical,6.0
22,deepseek,1.0,Philosophical,8.0
23,deepseek,1.0,Philosophical,9.0
24,deepseek,1.0,Philosophical,5.0
25,deepseek,1.0,Philosophical,9.0
26,deepseek,1.0,Philosophical,3.0
27,deepseek,1.0,Philosophical,7.0
28,deepseek,1.0,Philosophical,7.0
29,deepseek,1.0,Philosophical,8.0
0,deepseek,0.0,Philosophical,6.0
1,deepseek,0.0,Philosophical,5.0
2,deepseek,0.0,Philosophical,8.0
3,deepseek,0.0,Philosophical,8.0
4,deepseek,0.0,Philosophical,4.0
5,deepseek,0.0,Philosophical,7.0
6,deepseek,0.0,Philosophical,9.0
7,deepseek,0.0,Philosophical,8.0
8,deepseek,0.0,Philosophical,3.0
9,deepseek,0.0,Philosophical,8.0
10,deepseek,0.0,Philosophical,9.0
11,deepseek,0.0,Philosophical,8.0
12,deepseek,0.0,Philosophical,8.0
13,deepseek,0.0,Philosophical,8.0
14,deepseek,0.0,Philosophical,8.0
15,deepseek,0.0,Philosophical,8.0
16,deepseek,0.0,Philosophical,3.0
17,deepseek,0.0,Philosophical,8.0
18,deepseek,0.0,Philosophical,8.0
19,deepseek,0.0,Philosophical,9.0
20,deepseek,0.0,Philosophical,8.0
21,deepseek,0.0,Philosophical,5.0
22,deepseek,0.0,Philosophical,9.0
23,deepseek,0.0,Philosophical,9.0
24,deepseek,0.0,Philosophical,5.0
25,deepseek,0.0,Philosophical,8.0
26,deepseek,0.0,Philosophical,3.0
27,deepseek,0.0,Philosophical,8.0
28,deepseek,0.0,Philosophical,7.0
29,deepseek,0.0,Philosophical,8.0
0,deepseek,1.0,Practical,7.0
1,deepseek,1.0,Practical,6.0
2,deepseek,1.0,Practical,6.0
3,deepseek,1.0,Practical,5.0
4,deepseek,1.0,Practical,6.0
5,deepseek,1.0,Practical,7.0
6,deepseek,1.0,Practical,7.0
7,deepseek,1.0,Practical,6.0
8,deepseek,1.0,Practical,7.0
9,deepseek,1.0,Practical,5.0
10,deepseek,1.0,Practical,5.0
11,deepseek,1.0,Practical,7.0
12,deepseek,1.0,Practical,6.0
13,deepseek,1.0,Practical,6.0
14,deepseek,1.0,Practical,6.0
15,deepseek,1.0,Practical,6.0
16,deepseek,1.0,Practical,6.0
17,deepseek,1.0,Practical,6.0
18,deepseek,1.0,Practical,6.0
19,deepseek,1.0,Practical,5.0
20,deepseek,1.0,Practical,6.0
21,deepseek,1.0,Practical,6.0
22,deepseek,1.0,Practical,6.0
23,deepseek,1.0,Practical,6.0
24,deepseek,1.0,Practical,6.0
25,deepseek,1.0,Practical,6.0
26,deepseek,1.0,Practical,6.0
27,deepseek,1.0,Practical,6.0
28,deepseek,1.0,Practical,5.0
29,deepseek,1.0,Practical,5.0
0,deepseek,0.0,Practical,7.0
1,deepseek,0.0,Practical,6.0
2,deepseek,0.0,Practical,5.0
3,deepseek,0.0,Practical,5.0
4,deepseek,0.0,Practical,7.0
5,deepseek,0.0,Practical,6.0
6,deepseek,0.0,Practical,7.0
7,deepseek,0.0,Practical,6.0
8,deepseek,0.0,Practical,6.0
9,deepseek,0.0,Practical,5.0
10,deepseek,0.0,Practical,5.0
11,deepseek,0.0,Practical,7.0
12,deepseek,0.0,Practical,6.0
13,deepseek,0.0,Practical,6.0
14,deepseek,0.0,Practical,5.0
15,deepseek,0.0,Practical,6.0
16,deepseek,0.0,Practical,6.0
17,deepseek,0.0,Practical,6.0
18,deepseek,0.0,Practical,5.0
19,deepseek,0.0,Practical,5.0
20,deepseek,0.0,Practical,6.0
21,deepseek,0.0,Practical,6.0
22,deepseek,0.0,Practical,5.0
23,deepseek,0.0,Practical,6.0
24,deepseek,0.0,Practical,6.0
25,deepseek,0.0,Practical,6.0
26,deepseek,0.0,Practical,5.0
27,deepseek,0.0,Practical,6.0
28,deepseek,0.0,Practical,6.0
29,deepseek,0.0,Practical,5.0
0,deepseek,1.0,Quiet,2.0
1,deepseek,1.0,Quiet,6.0
2,deepseek,1.0,Quiet,8.0
3,deepseek,1.0,Quiet,6.0
4,deepseek,1.0,Quiet,7.0
5,deepseek,1.0,Quiet,7.0
6,deepseek,1.0,Quiet,2.0
7,deepseek,1.0,Quiet,1.0
8,deepseek,1.0,Quiet,2.0
9,deepseek,1.0,Quiet,6.0
10,deepseek,1.0,Quiet,8.0
11,deepseek,1.0,Quiet,1.0
12,deepseek,1.0,Quiet,9.0
13,deepseek,1.0,Quiet,7.0
14,deepseek,1.0,Quiet,4.0
15,deepseek,1.0,Quiet,2.0
16,deepseek,1.0,Quiet,2.0
17,deepseek,1.0,Quiet,3.0
18,deepseek,1.0,Quiet,7.0
19,deepseek,1.0,Quiet,3.0
20,deepseek,1.0,Quiet,5.0
21,deepseek,1.0,Quiet,7.0
22,deepseek,1.0,Quiet,2.0
23,deepseek,1.0,Quiet,2.0
24,deepseek,1.0,Quiet,8.0
25,deepseek,1.0,Quiet,6.0
26,deepseek,1.0,Quiet,8.0
27,deepseek,1.0,Quiet,2.0
28,deepseek,1.0,Quiet,8.0
29,deepseek,1.0,Quiet,7.0
0,deepseek,0.0,Quiet,2.0
1,deepseek,0.0,Quiet,6.0
2,deepseek,0.0,Quiet,8.0
3,deepseek,0.0,Quiet,4.0
4,deepseek,0.0,Quiet,7.0
5,deepseek,0.0,Quiet,7.0
6,deepseek,0.0,Quiet,2.0
7,deepseek,0.0,Quiet,2.0
8,deepseek,0.0,Quiet,2.0
9,deepseek,0.0,Quiet,8.0
10,deepseek,0.0,Quiet,8.0
11,deepseek,0.0,Quiet,1.0
12,deepseek,0.0,Quiet,9.0
13,deepseek,0.0,Quiet,7.0
14,deepseek,0.0,Quiet,3.0
15,deepseek,0.0,Quiet,2.0
16,deepseek,0.0,Quiet,2.0
17,deepseek,0.0,Quiet,3.0
18,deepseek,0.0,Quiet,7.0
19,deepseek,0.0,Quiet,2.0
20,deepseek,0.0,Quiet,5.0
21,deepseek,0.0,Quiet,7.0
22,deepseek,0.0,Quiet,2.0
23,deepseek,0.0,Quiet,2.0
24,deepseek,0.0,Quiet,8.0
25,deepseek,0.0,Quiet,6.0
26,deepseek,0.0,Quiet,8.0
27,deepseek,0.0,Quiet,2.0
28,deepseek,0.0,Quiet,8.0
29,deepseek,0.0,Quiet,7.0
0,deepseek,1.0,Relaxed,7.0
1,deepseek,1.0,Relaxed,8.0
2,deepseek,1.0,Relaxed,7.0
3,deepseek,1.0,Relaxed,3.0
4,deepseek,1.0,Relaxed,6.0
5,deepseek,1.0,Relaxed,7.0
6,deepseek,1.0,Relaxed,7.0
7,deepseek,1.0,Relaxed,6.0
8,deepseek,1.0,Relaxed,2.0
9,deepseek,1.0,Relaxed,7.0
10,deepseek,1.0,Relaxed,2.0
11,deepseek,1.0,Relaxed,9.0
12,deepseek,1.0,Relaxed,2.0
13,deepseek,1.0,Relaxed,7.0
14,deepseek,1.0,Relaxed,3.0
15,deepseek,1.0,Relaxed,7.0
16,deepseek,1.0,Relaxed,6.0
17,deepseek,1.0,Relaxed,4.0
18,deepseek,1.0,Relaxed,7.0
19,deepseek,1.0,Relaxed,3.0
20,deepseek,1.0,Relaxed,6.0
21,deepseek,1.0,Relaxed,8.0
22,deepseek,1.0,Relaxed,6.0
23,deepseek,1.0,Relaxed,9.0
24,deepseek,1.0,Relaxed,8.0
25,deepseek,1.0,Relaxed,3.0
26,deepseek,1.0,Relaxed,3.0
27,deepseek,1.0,Relaxed,3.0
28,deepseek,1.0,Relaxed,6.0
29,deepseek,1.0,Relaxed,8.0
0,deepseek,0.0,Relaxed,6.0
1,deepseek,0.0,Relaxed,7.0
2,deepseek,0.0,Relaxed,7.0
3,deepseek,0.0,Relaxed,3.0
4,deepseek,0.0,Relaxed,6.0
5,deepseek,0.0,Relaxed,7.0
6,deepseek,0.0,Relaxed,7.0
7,deepseek,0.0,Relaxed,6.0
8,deepseek,0.0,Relaxed,2.0
9,deepseek,0.0,Relaxed,7.0
10,deepseek,0.0,Relaxed,2.0
11,deepseek,0.0,Relaxed,9.0
12,deepseek,0.0,Relaxed,2.0
13,deepseek,0.0,Relaxed,7.0
14,deepseek,0.0,Relaxed,3.0
15,deepseek,0.0,Relaxed,7.0
16,deepseek,0.0,Relaxed,6.0
17,deepseek,0.0,Relaxed,4.0
18,deepseek,0.0,Relaxed,7.0
19,deepseek,0.0,Relaxed,2.0
20,deepseek,0.0,Relaxed,6.0
21,deepseek,0.0,Relaxed,7.0
22,deepseek,0.0,Relaxed,6.0
23,deepseek,0.0,Relaxed,9.0
24,deepseek,0.0,Relaxed,8.0
25,deepseek,0.0,Relaxed,3.0
26,deepseek,0.0,Relaxed,3.0
27,deepseek,0.0,Relaxed,3.0
28,deepseek,0.0,Relaxed,6.0
29,deepseek,0.0,Relaxed,8.0
0,deepseek,1.0,Rude,4.0
1,deepseek,1.0,Rude,7.0
2,deepseek,1.0,Rude,6.0
3,deepseek,1.0,Rude,3.0
4,deepseek,1.0,Rude,4.0
5,deepseek,1.0,Rude,2.0
6,deepseek,1.0,Rude,4.0
7,deepseek,1.0,Rude,2.0
8,deepseek,1.0,Rude,2.0
9,deepseek,1.0,Rude,6.0
10,deepseek,1.0,Rude,6.0
11,deepseek,1.0,Rude,3.0
12,deepseek,1.0,Rude,1.0
13,deepseek,1.0,Rude,2.0
14,deepseek,1.0,Rude,2.0
15,deepseek,1.0,Rude,7.0
16,deepseek,1.0,Rude,1.0
17,deepseek,1.0,Rude,7.0
18,deepseek,1.0,Rude,2.0
19,deepseek,1.0,Rude,6.0
20,deepseek,1.0,Rude,7.0
21,deepseek,1.0,Rude,2.0
22,deepseek,1.0,Rude,2.0
23,deepseek,1.0,Rude,9.0
24,deepseek,1.0,Rude,2.0
25,deepseek,1.0,Rude,7.0
26,deepseek,1.0,Rude,6.0
27,deepseek,1.0,Rude,7.0
28,deepseek,1.0,Rude,7.0
29,deepseek,1.0,Rude,1.0
0,deepseek,0.0,Rude,4.0
1,deepseek,0.0,Rude,6.0
2,deepseek,0.0,Rude,6.0
3,deepseek,0.0,Rude,2.0
4,deepseek,0.0,Rude,4.0
5,deepseek,0.0,Rude,2.0
6,deepseek,0.0,Rude,6.0
7,deepseek,0.0,Rude,2.0
8,deepseek,0.0,Rude,2.0
9,deepseek,0.0,Rude,6.0
10,deepseek,0.0,Rude,6.0
11,deepseek,0.0,Rude,6.0
12,deepseek,0.0,Rude,1.0
13,deepseek,0.0,Rude,2.0
14,deepseek,0.0,Rude,2.0
15,deepseek,0.0,Rude,7.0
16,deepseek,0.0,Rude,2.0
17,deepseek,0.0,Rude,6.0
18,deepseek,0.0,Rude,2.0
19,deepseek,0.0,Rude,6.0
20,deepseek,0.0,Rude,7.0
21,deepseek,0.0,Rude,2.0
22,deepseek,0.0,Rude,2.0
23,deepseek,0.0,Rude,8.0
24,deepseek,0.0,Rude,2.0
25,deepseek,0.0,Rude,7.0
26,deepseek,0.0,Rude,6.0
27,deepseek,0.0,Rude,7.0
28,deepseek,0.0,Rude,6.0
29,deepseek,0.0,Rude,2.0
0,deepseek,1.0,Shy,6.0
1,deepseek,1.0,Shy,6.0
2,deepseek,1.0,Shy,9.0
3,deepseek,1.0,Shy,8.0
4,deepseek,1.0,Shy,7.0
5,deepseek,1.0,Shy,6.0
6,deepseek,1.0,Shy,2.0
7,deepseek,1.0,Shy,1.0
8,deepseek,1.0,Shy,5.0
9,deepseek,1.0,Shy,8.0
10,deepseek,1.0,Shy,9.0
11,deepseek,1.0,Shy,1.0
12,deepseek,1.0,Shy,9.0
13,deepseek,1.0,Shy,7.0
14,deepseek,1.0,Shy,5.0
15,deepseek,1.0,Shy,4.0
16,deepseek,1.0,Shy,7.0
17,deepseek,1.0,Shy,4.0
18,deepseek,1.0,Shy,7.0
19,deepseek,1.0,Shy,4.0
20,deepseek,1.0,Shy,6.0
21,deepseek,1.0,Shy,6.0
22,deepseek,1.0,Shy,7.0
23,deepseek,1.0,Shy,5.0
24,deepseek,1.0,Shy,8.0
25,deepseek,1.0,Shy,2.0
26,deepseek,1.0,Shy,8.0
27,deepseek,1.0,Shy,6.0
28,deepseek,1.0,Shy,9.0
29,deepseek,1.0,Shy,6.0
0,deepseek,0.0,Shy,3.0
1,deepseek,0.0,Shy,6.0
2,deepseek,0.0,Shy,9.0
3,deepseek,0.0,Shy,2.0
4,deepseek,0.0,Shy,6.0
5,deepseek,0.0,Shy,6.0
6,deepseek,0.0,Shy,1.0
7,deepseek,0.0,Shy,2.0
8,deepseek,0.0,Shy,4.0
9,deepseek,0.0,Shy,8.0
10,deepseek,0.0,Shy,9.0
11,deepseek,0.0,Shy,1.0
12,deepseek,0.0,Shy,9.0
13,deepseek,0.0,Shy,7.0
14,deepseek,0.0,Shy,4.0
15,deepseek,0.0,Shy,4.0
16,deepseek,0.0,Shy,2.0
17,deepseek,0.0,Shy,4.0
18,deepseek,0.0,Shy,7.0
19,deepseek,0.0,Shy,3.0
20,deepseek,0.0,Shy,3.0
21,deepseek,0.0,Shy,5.0
22,deepseek,0.0,Shy,2.0
23,deepseek,0.0,Shy,3.0
24,deepseek,0.0,Shy,8.0
25,deepseek,0.0,Shy,2.0
26,deepseek,0.0,Shy,7.0
27,deepseek,0.0,Shy,6.0
28,deepseek,0.0,Shy,8.0
29,deepseek,0.0,Shy,6.0
0,deepseek,1.0,Sloppy,3.0
1,deepseek,1.0,Sloppy,7.0
2,deepseek,1.0,Sloppy,2.0
3,deepseek,1.0,Sloppy,7.0
4,deepseek,1.0,Sloppy,1.0
5,deepseek,1.0,Sloppy,2.0
6,deepseek,1.0,Sloppy,4.0
7,deepseek,1.0,Sloppy,1.0
8,deepseek,1.0,Sloppy,2.0
9,deepseek,1.0,Sloppy,6.0
10,deepseek,1.0,Sloppy,7.0
11,deepseek,1.0,Sloppy,1.0
12,deepseek,1.0,Sloppy,1.0
13,deepseek,1.0,Sloppy,3.0
14,deepseek,1.0,Sloppy,2.0
15,deepseek,1.0,Sloppy,2.0
16,deepseek,1.0,Sloppy,6.0
17,deepseek,1.0,Sloppy,5.0
18,deepseek,1.0,Sloppy,6.0
19,deepseek,1.0,Sloppy,5.0
20,deepseek,1.0,Sloppy,3.0
21,deepseek,1.0,Sloppy,2.0
22,deepseek,1.0,Sloppy,3.0
23,deepseek,1.0,Sloppy,2.0
24,deepseek,1.0,Sloppy,5.0
25,deepseek,1.0,Sloppy,2.0
26,deepseek,1.0,Sloppy,9.0
27,deepseek,1.0,Sloppy,3.0
28,deepseek,1.0,Sloppy,4.0
29,deepseek,1.0,Sloppy,6.0
0,deepseek,0.0,Sloppy,3.0
1,deepseek,0.0,Sloppy,7.0
2,deepseek,0.0,Sloppy,2.0
3,deepseek,0.0,Sloppy,6.0
4,deepseek,0.0,Sloppy,2.0
5,deepseek,0.0,Sloppy,2.0
6,deepseek,0.0,Sloppy,2.0
7,deepseek,0.0,Sloppy,2.0
8,deepseek,0.0,Sloppy,1.0
9,deepseek,0.0,Sloppy,6.0
10,deepseek,0.0,Sloppy,7.0
11,deepseek,0.0,Sloppy,1.0
12,deepseek,0.0,Sloppy,1.0
13,deepseek,0.0,Sloppy,3.0
14,deepseek,0.0,Sloppy,2.0
15,deepseek,0.0,Sloppy,2.0
16,deepseek,0.0,Sloppy,6.0
17,deepseek,0.0,Sloppy,4.0
18,deepseek,0.0,Sloppy,5.0
19,deepseek,0.0,Sloppy,4.0
20,deepseek,0.0,Sloppy,2.0
21,deepseek,0.0,Sloppy,2.0
22,deepseek,0.0,Sloppy,3.0
23,deepseek,0.0,Sloppy,2.0
24,deepseek,0.0,Sloppy,3.0
25,deepseek,0.0,Sloppy,2.0
26,deepseek,0.0,Sloppy,8.0
27,deepseek,0.0,Sloppy,3.0
28,deepseek,0.0,Sloppy,4.0
29,deepseek,0.0,Sloppy,5.0
0,deepseek,1.0,Sympathetic,9.0
1,deepseek,1.0,Sympathetic,7.0
2,deepseek,1.0,Sympathetic,9.0
3,deepseek,1.0,Sympathetic,7.0
4,deepseek,1.0,Sympathetic,7.0
5,deepseek,1.0,Sympathetic,7.0
6,deepseek,1.0,Sympathetic,4.0
7,deepseek,1.0,Sympathetic,7.0
8,deepseek,1.0,Sympathetic,7.0
9,deepseek,1.0,Sympathetic,9.0
10,deepseek,1.0,Sympathetic,9.0
11,deepseek,1.0,Sympathetic,6.0
12,deepseek,1.0,Sympathetic,2.0
13,deepseek,1.0,Sympathetic,3.0
14,deepseek,1.0,Sympathetic,9.0
15,deepseek,1.0,Sympathetic,4.0
16,deepseek,1.0,Sympathetic,9.0
17,deepseek,1.0,Sympathetic,7.0
18,deepseek,1.0,Sympathetic,7.0
19,deepseek,1.0,Sympathetic,7.0
20,deepseek,1.0,Sympathetic,7.0
21,deepseek,1.0,Sympathetic,6.0
22,deepseek,1.0,Sympathetic,7.0
23,deepseek,1.0,Sympathetic,6.0
24,deepseek,1.0,Sympathetic,7.0
25,deepseek,1.0,Sympathetic,4.0
26,deepseek,1.0,Sympathetic,7.0
27,deepseek,1.0,Sympathetic,7.0
28,deepseek,1.0,Sympathetic,4.0
29,deepseek,1.0,Sympathetic,9.0
0,deepseek,0.0,Sympathetic,9.0
1,deepseek,0.0,Sympathetic,7.0
2,deepseek,0.0,Sympathetic,8.0
3,deepseek,0.0,Sympathetic,7.0
4,deepseek,0.0,Sympathetic,7.0
5,deepseek,0.0,Sympathetic,7.0
6,deepseek,0.0,Sympathetic,2.0
7,deepseek,0.0,Sympathetic,7.0
8,deepseek,0.0,Sympathetic,7.0
9,deepseek,0.0,Sympathetic,8.0
10,deepseek,0.0,Sympathetic,9.0
11,deepseek,0.0,Sympathetic,3.0
12,deepseek,0.0,Sympathetic,3.0
13,deepseek,0.0,Sympathetic,3.0
14,deepseek,0.0,Sympathetic,9.0
15,deepseek,0.0,Sympathetic,3.0
16,deepseek,0.0,Sympathetic,3.0
17,deepseek,0.0,Sympathetic,7.0
18,deepseek,0.0,Sympathetic,7.0
19,deepseek,0.0,Sympathetic,7.0
20,deepseek,0.0,Sympathetic,7.0
21,deepseek,0.0,Sympathetic,3.0
22,deepseek,0.0,Sympathetic,8.0
23,deepseek,0.0,Sympathetic,6.0
24,deepseek,0.0,Sympathetic,7.0
25,deepseek,0.0,Sympathetic,3.0
26,deepseek,0.0,Sympathetic,7.0
27,deepseek,0.0,Sympathetic,7.0
28,deepseek,0.0,Sympathetic,4.0
29,deepseek,0.0,Sympathetic,9.0
0,deepseek,1.0,Systematic,4.0
1,deepseek,1.0,Systematic,6.0
2,deepseek,1.0,Systematic,8.0
3,deepseek,1.0,Systematic,3.0
4,deepseek,1.0,Systematic,9.0
5,deepseek,1.0,Systematic,7.0
6,deepseek,1.0,Systematic,9.0
7,deepseek,1.0,Systematic,7.0
8,deepseek,1.0,Systematic,9.0
9,deepseek,1.0,Systematic,6.0
10,deepseek,1.0,Systematic,3.0
11,deepseek,1.0,Systematic,9.0
12,deepseek,1.0,Systematic,9.0
13,deepseek,1.0,Systematic,7.0
14,deepseek,1.0,Systematic,7.0
15,deepseek,1.0,Systematic,7.0
16,deepseek,1.0,Systematic,7.0
17,deepseek,1.0,Systematic,4.0
18,deepseek,1.0,Systematic,6.0
19,deepseek,1.0,Systematic,4.0
20,deepseek,1.0,Systematic,7.0
21,deepseek,1.0,Systematic,7.0
22,deepseek,1.0,Systematic,6.0
23,deepseek,1.0,Systematic,8.0
24,deepseek,1.0,Systematic,7.0
25,deepseek,1.0,Systematic,7.0
26,deepseek,1.0,Systematic,3.0
27,deepseek,1.0,Systematic,8.0
28,deepseek,1.0,Systematic,7.0
29,deepseek,1.0,Systematic,6.0
0,deepseek,0.0,Systematic,4.0
1,deepseek,0.0,Systematic,6.0
2,deepseek,0.0,Systematic,8.0
3,deepseek,0.0,Systematic,3.0
4,deepseek,0.0,Systematic,9.0
5,deepseek,0.0,Systematic,7.0
6,deepseek,0.0,Systematic,9.0
7,deepseek,0.0,Systematic,7.0
8,deepseek,0.0,Systematic,9.0
9,deepseek,0.0,Systematic,6.0
10,deepseek,0.0,Systematic,2.0
11,deepseek,0.0,Systematic,9.0
12,deepseek,0.0,Systematic,9.0
13,deepseek,0.0,Systematic,7.0
14,deepseek,0.0,Systematic,7.0
15,deepseek,0.0,Systematic,7.0
16,deepseek,0.0,Systematic,6.0
17,deepseek,0.0,Systematic,4.0
18,deepseek,0.0,Systematic,6.0
19,deepseek,0.0,Systematic,3.0
20,deepseek,0.0,Systematic,8.0
21,deepseek,0.0,Systematic,7.0
22,deepseek,0.0,Systematic,7.0
23,deepseek,0.0,Systematic,7.0
24,deepseek,0.0,Systematic,6.0
25,deepseek,0.0,Systematic,7.0
26,deepseek,0.0,Systematic,3.0
27,deepseek,0.0,Systematic,7.0
28,deepseek,0.0,Systematic,7.0
29,deepseek,0.0,Systematic,6.0
0,deepseek,1.0,Talkative,9.0
1,deepseek,1.0,Talkative,8.0
2,deepseek,1.0,Talkative,2.0
3,deepseek,1.0,Talkative,8.0
4,deepseek,1.0,Talkative,4.0
5,deepseek,1.0,Talkative,5.0
6,deepseek,1.0,Talkative,9.0
7,deepseek,1.0,Talkative,9.0
8,deepseek,1.0,Talkative,8.0
9,deepseek,1.0,Talkative,8.0
10,deepseek,1.0,Talkative,3.0
11,deepseek,1.0,Talkative,9.0
12,deepseek,1.0,Talkative,1.0
13,deepseek,1.0,Talkative,7.0
14,deepseek,1.0,Talkative,6.0
15,deepseek,1.0,Talkative,8.0
16,deepseek,1.0,Talkative,8.0
17,deepseek,1.0,Talkative,8.0
18,deepseek,1.0,Talkative,6.0
19,deepseek,1.0,Talkative,8.0
20,deepseek,1.0,Talkative,8.0
21,deepseek,1.0,Talkative,6.0
22,deepseek,1.0,Talkative,8.0
23,deepseek,1.0,Talkative,9.0
24,deepseek,1.0,Talkative,4.0
25,deepseek,1.0,Talkative,8.0
26,deepseek,1.0,Talkative,3.0
27,deepseek,1.0,Talkative,9.0
28,deepseek,1.0,Talkative,3.0
29,deepseek,1.0,Talkative,4.0
0,deepseek,0.0,Talkative,9.0
1,deepseek,0.0,Talkative,8.0
2,deepseek,0.0,Talkative,2.0
3,deepseek,0.0,Talkative,8.0
4,deepseek,0.0,Talkative,4.0
5,deepseek,0.0,Talkative,5.0
6,deepseek,0.0,Talkative,9.0
7,deepseek,0.0,Talkative,9.0
8,deepseek,0.0,Talkative,8.0
9,deepseek,0.0,Talkative,8.0
10,deepseek,0.0,Talkative,2.0
11,deepseek,0.0,Talkative,9.0
12,deepseek,0.0,Talkative,1.0
13,deepseek,0.0,Talkative,7.0
14,deepseek,0.0,Talkative,6.0
15,deepseek,0.0,Talkative,8.0
16,deepseek,0.0,Talkative,8.0
17,deepseek,0.0,Talkative,7.0
18,deepseek,0.0,Talkative,6.0
19,deepseek,0.0,Talkative,8.0
20,deepseek,0.0,Talkative,8.0
21,deepseek,0.0,Talkative,4.0
22,deepseek,0.0,Talkative,9.0
23,deepseek,0.0,Talkative,9.0
24,deepseek,0.0,Talkative,3.0
25,deepseek,0.0,Talkative,8.0
26,deepseek,0.0,Talkative,4.0
27,deepseek,0.0,Talkative,9.0
28,deepseek,0.0,Talkative,3.0
29,deepseek,0.0,Talkative,4.0
0,deepseek,1.0,Temperamental,2.0
1,deepseek,1.0,Temperamental,8.0
2,deepseek,1.0,Temperamental,3.0
3,deepseek,1.0,Temperamental,3.0
4,deepseek,1.0,Temperamental,6.0
5,deepseek,1.0,Temperamental,3.0
6,deepseek,1.0,Temperamental,5.0
7,deepseek,1.0,Temperamental,2.0
8,deepseek,1.0,Temperamental,3.0
9,deepseek,1.0,Temperamental,7.0
10,deepseek,1.0,Temperamental,8.0
11,deepseek,1.0,Temperamental,1.0
12,deepseek,1.0,Temperamental,1.0
13,deepseek,1.0,Temperamental,8.0
14,deepseek,1.0,Temperamental,8.0
15,deepseek,1.0,Temperamental,2.0
16,deepseek,1.0,Temperamental,7.0
17,deepseek,1.0,Temperamental,3.0
18,deepseek,1.0,Temperamental,2.0
19,deepseek,1.0,Temperamental,8.0
20,deepseek,1.0,Temperamental,9.0
21,deepseek,1.0,Temperamental,2.0
22,deepseek,1.0,Temperamental,6.0
23,deepseek,1.0,Temperamental,9.0
24,deepseek,1.0,Temperamental,3.0
25,deepseek,1.0,Temperamental,8.0
26,deepseek,1.0,Temperamental,8.0
27,deepseek,1.0,Temperamental,9.0
28,deepseek,1.0,Temperamental,7.0
29,deepseek,1.0,Temperamental,2.0
0,deepseek,0.0,Temperamental,2.0
1,deepseek,0.0,Temperamental,7.0
2,deepseek,0.0,Temperamental,2.0
3,deepseek,0.0,Temperamental,2.0
4,deepseek,0.0,Temperamental,6.0
5,deepseek,0.0,Temperamental,3.0
6,deepseek,0.0,Temperamental,6.0
7,deepseek,0.0,Temperamental,2.0
8,deepseek,0.0,Temperamental,3.0
9,deepseek,0.0,Temperamental,7.0
10,deepseek,0.0,Temperamental,8.0
11,deepseek,0.0,Temperamental,1.0
12,deepseek,0.0,Temperamental,1.0
13,deepseek,0.0,Temperamental,7.0
14,deepseek,0.0,Temperamental,7.0
15,deepseek,0.0,Temperamental,2.0
16,deepseek,0.0,Temperamental,6.0
17,deepseek,0.0,Temperamental,3.0
18,deepseek,0.0,Temperamental,2.0
19,deepseek,0.0,Temperamental,8.0
20,deepseek,0.0,Temperamental,8.0
21,deepseek,0.0,Temperamental,2.0
22,deepseek,0.0,Temperamental,6.0
23,deepseek,0.0,Temperamental,8.0
24,deepseek,0.0,Temperamental,3.0
25,deepseek,0.0,Temperamental,7.0
26,deepseek,0.0,Temperamental,8.0
27,deepseek,0.0,Temperamental,8.0
28,deepseek,0.0,Temperamental,6.0
29,deepseek,0.0,Temperamental,2.0
0,deepseek,1.0,Touchy,3.0
1,deepseek,1.0,Touchy,6.0
2,deepseek,1.0,Touchy,5.0
3,deepseek,1.0,Touchy,4.0
4,deepseek,1.0,Touchy,5.0
5,deepseek,1.0,Touchy,4.0
6,deepseek,1.0,Touchy,4.0
7,deepseek,1.0,Touchy,3.0
8,deepseek,1.0,Touchy,3.0
9,deepseek,1.0,Touchy,5.0
10,deepseek,1.0,Touchy,7.0
11,deepseek,1.0,Touchy,2.0
12,deepseek,1.0,Touchy,3.0
13,deepseek,1.0,Touchy,3.0
14,deepseek,1.0,Touchy,6.0
15,deepseek,1.0,Touchy,4.0
16,deepseek,1.0,Touchy,5.0
17,deepseek,1.0,Touchy,5.0
18,deepseek,1.0,Touchy,3.0
19,deepseek,1.0,Touchy,7.0
20,deepseek,1.0,Touchy,6.0
21,deepseek,1.0,Touchy,2.0
22,deepseek,1.0,Touchy,5.0
23,deepseek,1.0,Touchy,6.0
24,deepseek,1.0,Touchy,4.0
25,deepseek,1.0,Touchy,5.0
26,deepseek,1.0,Touchy,7.0
27,deepseek,1.0,Touchy,7.0
28,deepseek,1.0,Touchy,5.0
29,deepseek,1.0,Touchy,3.0
0,deepseek,0.0,Touchy,3.0
1,deepseek,0.0,Touchy,5.0
2,deepseek,0.0,Touchy,4.0
3,deepseek,0.0,Touchy,3.0
4,deepseek,0.0,Touchy,5.0
5,deepseek,0.0,Touchy,4.0
6,deepseek,0.0,Touchy,3.0
7,deepseek,0.0,Touchy,3.0
8,deepseek,0.0,Touchy,3.0
9,deepseek,0.0,Touchy,5.0
10,deepseek,0.0,Touchy,7.0
11,deepseek,0.0,Touchy,2.0
12,deepseek,0.0,Touchy,2.0
13,deepseek,0.0,Touchy,4.0
14,deepseek,0.0,Touchy,5.0
15,deepseek,0.0,Touchy,3.0
16,deepseek,0.0,Touchy,5.0
17,deepseek,0.0,Touchy,5.0
18,deepseek,0.0,Touchy,3.0
19,deepseek,0.0,Touchy,6.0
20,deepseek,0.0,Touchy,5.0
21,deepseek,0.0,Touchy,3.0
22,deepseek,0.0,Touchy,4.0
23,deepseek,0.0,Touchy,5.0
24,deepseek,0.0,Touchy,3.0
25,deepseek,0.0,Touchy,6.0
26,deepseek,0.0,Touchy,7.0
27,deepseek,0.0,Touchy,7.0
28,deepseek,0.0,Touchy,4.0
29,deepseek,0.0,Touchy,3.0
0,deepseek,1.0,Uncreative,6.0
1,deepseek,1.0,Uncreative,4.0
2,deepseek,1.0,Uncreative,2.0
3,deepseek,1.0,Uncreative,3.0
4,deepseek,1.0,Uncreative,3.0
5,deepseek,1.0,Uncreative,4.0
6,deepseek,1.0,Uncreative,2.0
7,deepseek,1.0,Uncreative,1.0
8,deepseek,1.0,Uncreative,8.0
9,deepseek,1.0,Uncreative,7.0
10,deepseek,1.0,Uncreative,2.0
11,deepseek,1.0,Uncreative,2.0
12,deepseek,1.0,Uncreative,8.0
13,deepseek,1.0,Uncreative,2.0
14,deepseek,1.0,Uncreative,3.0
15,deepseek,1.0,Uncreative,3.0
16,deepseek,1.0,Uncreative,7.0
17,deepseek,1.0,Uncreative,3.0
18,deepseek,1.0,Uncreative,3.0
19,deepseek,1.0,Uncreative,6.0
20,deepseek,1.0,Uncreative,3.0
21,deepseek,1.0,Uncreative,2.0
22,deepseek,1.0,Uncreative,2.0
23,deepseek,1.0,Uncreative,4.0
24,deepseek,1.0,Uncreative,3.0
25,deepseek,1.0,Uncreative,7.0
26,deepseek,1.0,Uncreative,3.0
27,deepseek,1.0,Uncreative,7.0
28,deepseek,1.0,Uncreative,6.0
29,deepseek,1.0,Uncreative,5.0
0,deepseek,0.0,Uncreative,6.0
1,deepseek,0.0,Uncreative,5.0
2,deepseek,0.0,Uncreative,2.0
3,deepseek,0.0,Uncreative,2.0
4,deepseek,0.0,Uncreative,3.0
5,deepseek,0.0,Uncreative,4.0
6,deepseek,0.0,Uncreative,2.0
7,deepseek,0.0,Uncreative,2.0
8,deepseek,0.0,Uncreative,7.0
9,deepseek,0.0,Uncreative,8.0
10,deepseek,0.0,Uncreative,1.0
11,deepseek,0.0,Uncreative,3.0
12,deepseek,0.0,Uncreative,8.0
13,deepseek,0.0,Uncreative,3.0
14,deepseek,0.0,Uncreative,3.0
15,deepseek,0.0,Uncreative,2.0
16,deepseek,0.0,Uncreative,7.0
17,deepseek,0.0,Uncreative,3.0
18,deepseek,0.0,Uncreative,3.0
19,deepseek,0.0,Uncreative,6.0
20,deepseek,0.0,Uncreative,2.0
21,deepseek,0.0,Uncreative,2.0
22,deepseek,0.0,Uncreative,2.0
23,deepseek,0.0,Uncreative,3.0
24,deepseek,0.0,Uncreative,3.0
25,deepseek,0.0,Uncreative,7.0
26,deepseek,0.0,Uncreative,3.0
27,deepseek,0.0,Uncreative,7.0
28,deepseek,0.0,Uncreative,5.0
29,deepseek,0.0,Uncreative,4.0
0,deepseek,1.0,Unenvious,9.0
1,deepseek,1.0,Unenvious,6.0
2,deepseek,1.0,Unenvious,6.0
3,deepseek,1.0,Unenvious,7.0
4,deepseek,1.0,Unenvious,7.0
5,deepseek,1.0,Unenvious,7.0
6,deepseek,1.0,Unenvious,9.0
7,deepseek,1.0,Unenvious,8.0
8,deepseek,1.0,Unenvious,5.0
9,deepseek,1.0,Unenvious,6.0
10,deepseek,1.0,Unenvious,8.0
11,deepseek,1.0,Unenvious,8.0
12,deepseek,1.0,Unenvious,6.0
13,deepseek,1.0,Unenvious,8.0
14,deepseek,1.0,Unenvious,8.0
15,deepseek,1.0,Unenvious,6.0
16,deepseek,1.0,Unenvious,9.0
17,deepseek,1.0,Unenvious,8.0
18,deepseek,1.0,Unenvious,6.0
19,deepseek,1.0,Unenvious,6.0
20,deepseek,1.0,Unenvious,6.0
21,deepseek,1.0,Unenvious,9.0
22,deepseek,1.0,Unenvious,8.0
23,deepseek,1.0,Unenvious,6.0
24,deepseek,1.0,Unenvious,7.0
25,deepseek,1.0,Unenvious,6.0
26,deepseek,1.0,Unenvious,6.0
27,deepseek,1.0,Unenvious,6.0
28,deepseek,1.0,Unenvious,7.0
29,deepseek,1.0,Unenvious,8.0
0,deepseek,0.0,Unenvious,8.0
1,deepseek,0.0,Unenvious,6.0
2,deepseek,0.0,Unenvious,6.0
3,deepseek,0.0,Unenvious,6.0
4,deepseek,0.0,Unenvious,6.0
5,deepseek,0.0,Unenvious,7.0
6,deepseek,0.0,Unenvious,9.0
7,deepseek,0.0,Unenvious,8.0
8,deepseek,0.0,Unenvious,5.0
9,deepseek,0.0,Unenvious,7.0
10,deepseek,0.0,Unenvious,9.0
11,deepseek,0.0,Unenvious,8.0
12,deepseek,0.0,Unenvious,9.0
13,deepseek,0.0,Unenvious,8.0
14,deepseek,0.0,Unenvious,8.0
15,deepseek,0.0,Unenvious,6.0
16,deepseek,0.0,Unenvious,8.0
17,deepseek,0.0,Unenvious,6.0
18,deepseek,0.0,Unenvious,6.0
19,deepseek,0.0,Unenvious,8.0
20,deepseek,0.0,Unenvious,6.0
21,deepseek,0.0,Unenvious,7.0
22,deepseek,0.0,Unenvious,8.0
23,deepseek,0.0,Unenvious,8.0
24,deepseek,0.0,Unenvious,7.0
25,deepseek,0.0,Unenvious,5.0
26,deepseek,0.0,Unenvious,5.0
27,deepseek,0.0,Unenvious,5.0
28,deepseek,0.0,Unenvious,6.0
29,deepseek,0.0,Unenvious,8.0
0,deepseek,1.0,Unintellectual,2.0
1,deepseek,1.0,Unintellectual,6.0
2,deepseek,1.0,Unintellectual,2.0
3,deepseek,1.0,Unintellectual,3.0
4,deepseek,1.0,Unintellectual,5.0
5,deepseek,1.0,Unintellectual,2.0
6,deepseek,1.0,Unintellectual,2.0
7,deepseek,1.0,Unintellectual,2.0
8,deepseek,1.0,Unintellectual,6.0
9,deepseek,1.0,Unintellectual,3.0
10,deepseek,1.0,Unintellectual,2.0
11,deepseek,1.0,Unintellectual,2.0
12,deepseek,1.0,Unintellectual,2.0
13,deepseek,1.0,Unintellectual,2.0
14,deepseek,1.0,Unintellectual,2.0
15,deepseek,1.0,Unintellectual,3.0
16,deepseek,1.0,Unintellectual,6.0
17,deepseek,1.0,Unintellectual,1.0
18,deepseek,1.0,Unintellectual,2.0
19,deepseek,1.0,Unintellectual,2.0
20,deepseek,1.0,Unintellectual,3.0
21,deepseek,1.0,Unintellectual,2.0
22,deepseek,1.0,Unintellectual,2.0
23,deepseek,1.0,Unintellectual,3.0
24,deepseek,1.0,Unintellectual,3.0
25,deepseek,1.0,Unintellectual,2.0
26,deepseek,1.0,Unintellectual,5.0
27,deepseek,1.0,Unintellectual,3.0
28,deepseek,1.0,Unintellectual,3.0
29,deepseek,1.0,Unintellectual,2.0
0,deepseek,0.0,Unintellectual,3.0
1,deepseek,0.0,Unintellectual,6.0
2,deepseek,0.0,Unintellectual,2.0
3,deepseek,0.0,Unintellectual,2.0
4,deepseek,0.0,Unintellectual,4.0
5,deepseek,0.0,Unintellectual,3.0
6,deepseek,0.0,Unintellectual,2.0
7,deepseek,0.0,Unintellectual,2.0
8,deepseek,0.0,Unintellectual,6.0
9,deepseek,0.0,Unintellectual,2.0
10,deepseek,0.0,Unintellectual,1.0
11,deepseek,0.0,Unintellectual,2.0
12,deepseek,0.0,Unintellectual,1.0
13,deepseek,0.0,Unintellectual,2.0
14,deepseek,0.0,Unintellectual,2.0
15,deepseek,0.0,Unintellectual,2.0
16,deepseek,0.0,Unintellectual,6.0
17,deepseek,0.0,Unintellectual,2.0
18,deepseek,0.0,Unintellectual,2.0
19,deepseek,0.0,Unintellectual,2.0
20,deepseek,0.0,Unintellectual,2.0
21,deepseek,0.0,Unintellectual,3.0
22,deepseek,0.0,Unintellectual,2.0
23,deepseek,0.0,Unintellectual,2.0
24,deepseek,0.0,Unintellectual,3.0
25,deepseek,0.0,Unintellectual,2.0
26,deepseek,0.0,Unintellectual,5.0
27,deepseek,0.0,Unintellectual,2.0
28,deepseek,0.0,Unintellectual,3.0
29,deepseek,0.0,Unintellectual,2.0
0,deepseek,1.0,Unsympathetic,1.0
1,deepseek,1.0,Unsympathetic,5.0
2,deepseek,1.0,Unsympathetic,2.0
3,deepseek,1.0,Unsympathetic,3.0
4,deepseek,1.0,Unsympathetic,3.0
5,deepseek,1.0,Unsympathetic,2.0
6,deepseek,1.0,Unsympathetic,6.0
7,deepseek,1.0,Unsympathetic,3.0
8,deepseek,1.0,Unsympathetic,4.0
9,deepseek,1.0,Unsympathetic,3.0
10,deepseek,1.0,Unsympathetic,2.0
11,deepseek,1.0,Unsympathetic,3.0
12,deepseek,1.0,Unsympathetic,7.0
13,deepseek,1.0,Unsympathetic,4.0
14,deepseek,1.0,Unsympathetic,2.0
15,deepseek,1.0,Unsympathetic,7.0
16,deepseek,1.0,Unsympathetic,2.0
17,deepseek,1.0,Unsympathetic,3.0
18,deepseek,1.0,Unsympathetic,3.0
19,deepseek,1.0,Unsympathetic,3.0
20,deepseek,1.0,Unsympathetic,4.0
21,deepseek,1.0,Unsympathetic,2.0
22,deepseek,1.0,Unsympathetic,2.0
23,deepseek,1.0,Unsympathetic,4.0
24,deepseek,1.0,Unsympathetic,3.0
25,deepseek,1.0,Unsympathetic,6.0
26,deepseek,1.0,Unsympathetic,3.0
27,deepseek,1.0,Unsympathetic,3.0
28,deepseek,1.0,Unsympathetic,6.0
29,deepseek,1.0,Unsympathetic,1.0
0,deepseek,0.0,Unsympathetic,2.0
1,deepseek,0.0,Unsympathetic,5.0
2,deepseek,0.0,Unsympathetic,2.0
3,deepseek,0.0,Unsympathetic,2.0
4,deepseek,0.0,Unsympathetic,3.0
5,deepseek,0.0,Unsympathetic,2.0
6,deepseek,0.0,Unsympathetic,8.0
7,deepseek,0.0,Unsympathetic,3.0
8,deepseek,0.0,Unsympathetic,3.0
9,deepseek,0.0,Unsympathetic,2.0
10,deepseek,0.0,Unsympathetic,1.0
11,deepseek,0.0,Unsympathetic,6.0
12,deepseek,0.0,Unsympathetic,7.0
13,deepseek,0.0,Unsympathetic,6.0
14,deepseek,0.0,Unsympathetic,2.0
15,deepseek,0.0,Unsympathetic,7.0
16,deepseek,0.0,Unsympathetic,6.0
17,deepseek,0.0,Unsympathetic,3.0
18,deepseek,0.0,Unsympathetic,3.0
19,deepseek,0.0,Unsympathetic,3.0
20,deepseek,0.0,Unsympathetic,3.0
21,deepseek,0.0,Unsympathetic,6.0
22,deepseek,0.0,Unsympathetic,2.0
23,deepseek,0.0,Unsympathetic,7.0
24,deepseek,0.0,Unsympathetic,3.0
25,deepseek,0.0,Unsympathetic,6.0
26,deepseek,0.0,Unsympathetic,3.0
27,deepseek,0.0,Unsympathetic,3.0
28,deepseek,0.0,Unsympathetic,6.0
29,deepseek,0.0,Unsympathetic,2.0
0,deepseek,1.0,Warm,9.0
1,deepseek,1.0,Warm,6.0
2,deepseek,1.0,Warm,7.0
3,deepseek,1.0,Warm,7.0
4,deepseek,1.0,Warm,6.0
5,deepseek,1.0,Warm,8.0
6,deepseek,1.0,Warm,7.0
7,deepseek,1.0,Warm,6.0
8,deepseek,1.0,Warm,6.0
9,deepseek,1.0,Warm,6.0
10,deepseek,1.0,Warm,7.0
11,deepseek,1.0,Warm,6.0
12,deepseek,1.0,Warm,2.0
13,deepseek,1.0,Warm,7.0
14,deepseek,1.0,Warm,7.0
15,deepseek,1.0,Warm,5.0
16,deepseek,1.0,Warm,8.0
17,deepseek,1.0,Warm,7.0
18,deepseek,1.0,Warm,6.0
19,deepseek,1.0,Warm,7.0
20,deepseek,1.0,Warm,6.0
21,deepseek,1.0,Warm,7.0
22,deepseek,1.0,Warm,7.0
23,deepseek,1.0,Warm,5.0
24,deepseek,1.0,Warm,7.0
25,deepseek,1.0,Warm,7.0
26,deepseek,1.0,Warm,7.0
27,deepseek,1.0,Warm,7.0
28,deepseek,1.0,Warm,4.0
29,deepseek,1.0,Warm,9.0
0,deepseek,0.0,Warm,9.0
1,deepseek,0.0,Warm,6.0
2,deepseek,0.0,Warm,7.0
3,deepseek,0.0,Warm,7.0
4,deepseek,0.0,Warm,6.0
5,deepseek,0.0,Warm,8.0
6,deepseek,0.0,Warm,7.0
7,deepseek,0.0,Warm,6.0
8,deepseek,0.0,Warm,6.0
9,deepseek,0.0,Warm,6.0
10,deepseek,0.0,Warm,7.0
11,deepseek,0.0,Warm,6.0
12,deepseek,0.0,Warm,2.0
13,deepseek,0.0,Warm,7.0
14,deepseek,0.0,Warm,7.0
15,deepseek,0.0,Warm,4.0
16,deepseek,0.0,Warm,6.0
17,deepseek,0.0,Warm,7.0
18,deepseek,0.0,Warm,5.0
19,deepseek,0.0,Warm,7.0
20,deepseek,0.0,Warm,6.0
21,deepseek,0.0,Warm,7.0
22,deepseek,0.0,Warm,8.0
23,deepseek,0.0,Warm,3.0
24,deepseek,0.0,Warm,6.0
25,deepseek,0.0,Warm,7.0
26,deepseek,0.0,Warm,7.0
27,deepseek,0.0,Warm,7.0
28,deepseek,0.0,Warm,4.0
29,deepseek,0.0,Warm,9.0
0,deepseek,1.0,Withdrawn,3.0
1,deepseek,1.0,Withdrawn,5.0
2,deepseek,1.0,Withdrawn,8.0
3,deepseek,1.0,Withdrawn,6.0
4,deepseek,1.0,Withdrawn,5.0
5,deepseek,1.0,Withdrawn,3.0
6,deepseek,1.0,Withdrawn,2.0
7,deepseek,1.0,Withdrawn,1.0
8,deepseek,1.0,Withdrawn,3.0
9,deepseek,1.0,Withdrawn,5.0
10,deepseek,1.0,Withdrawn,8.0
11,deepseek,1.0,Withdrawn,1.0
12,deepseek,1.0,Withdrawn,9.0
13,deepseek,1.0,Withdrawn,5.0
14,deepseek,1.0,Withdrawn,4.0
15,deepseek,1.0,Withdrawn,3.0
16,deepseek,1.0,Withdrawn,2.0
17,deepseek,1.0,Withdrawn,3.0
18,deepseek,1.0,Withdrawn,7.0
19,deepseek,1.0,Withdrawn,4.0
20,deepseek,1.0,Withdrawn,5.0
21,deepseek,1.0,Withdrawn,6.0
22,deepseek,1.0,Withdrawn,3.0
23,deepseek,1.0,Withdrawn,3.0
24,deepseek,1.0,Withdrawn,8.0
25,deepseek,1.0,Withdrawn,2.0
26,deepseek,1.0,Withdrawn,6.0
27,deepseek,1.0,Withdrawn,3.0
28,deepseek,1.0,Withdrawn,8.0
29,deepseek,1.0,Withdrawn,5.0
0,deepseek,0.0,Withdrawn,2.0
1,deepseek,0.0,Withdrawn,5.0
2,deepseek,0.0,Withdrawn,8.0
3,deepseek,0.0,Withdrawn,2.0
4,deepseek,0.0,Withdrawn,5.0
5,deepseek,0.0,Withdrawn,4.0
6,deepseek,0.0,Withdrawn,1.0
7,deepseek,0.0,Withdrawn,2.0
8,deepseek,0.0,Withdrawn,3.0
9,deepseek,0.0,Withdrawn,5.0
10,deepseek,0.0,Withdrawn,8.0
11,deepseek,0.0,Withdrawn,1.0
12,deepseek,0.0,Withdrawn,9.0
13,deepseek,0.0,Withdrawn,5.0
14,deepseek,0.0,Withdrawn,3.0
15,deepseek,0.0,Withdrawn,3.0
16,deepseek,0.0,Withdrawn,2.0
17,deepseek,0.0,Withdrawn,3.0
18,deepseek,0.0,Withdrawn,7.0
19,deepseek,0.0,Withdrawn,3.0
20,deepseek,0.0,Withdrawn,3.0
21,deepseek,0.0,Withdrawn,4.0
22,deepseek,0.0,Withdrawn,2.0
23,deepseek,0.0,Withdrawn,2.0
24,deepseek,0.0,Withdrawn,7.0
25,deepseek,0.0,Withdrawn,2.0
26,deepseek,0.0,Withdrawn,6.0
27,deepseek,0.0,Withdrawn,3.0
28,deepseek,0.0,Withdrawn,7.0
29,deepseek,0.0,Withdrawn,5.0
